id,team,name,description,sku,barcode,qr_code,category,sub_category,total_quantity,available_quantity,location,status,is_checkoutable,requires_approval,cost,specifications,notes,created_at,updated_at,unit,condition,images,maintenance,purchase_date,warranty_expiry,supplier,tags,max_checkout_duration,created_by,last_modified_by
"5ea50dd4-87fd-4191-85af-3350be28ca2f","","Yellow Extension","Yellow Extension is a power cable or electrical accessory. Stored in box 12 at Lucy Stone Storage Facility.","MSA-0001","MSA-BAR-0001","MSA-QR-5ea50dd4-87fd-4191-85af-3350be28ca2f","CABLE","","1","1","{""building"":""Lucy Stone Storage Facility"",""room"":""Lucy Stone Storage Facility"",""shelf"":""Lucy Stone Storage Facility"",""bin"":""12""}","active","true","false","{""purchasePrice"":0,""currentValue"":0,""currency"":""USD""}","{}","","2025-11-14T21:59:49.095Z","2025-11-14T21:59:49.095Z","piece","good","[]","{}","","","{}","[]","7","",""
"3226adea-be84-4058-9750-fb55bd897359","","Black Cable","Black Cable is a power cable or electrical accessory. Stored in box 12 at Lucy Stone Storage Facility.","MSA-0002","MSA-BAR-0002","MSA-QR-3226adea-be84-4058-9750-fb55bd897359","CABLE","","1","1","{""building"":""Lucy Stone Storage Facility"",""room"":""Lucy Stone Storage Facility"",""shelf"":""Lucy Stone Storage Facility"",""bin"":""12""}","active","true","false","{""purchasePrice"":0,""currentValue"":0,""currency"":""USD""}","{}","","2025-11-14T21:59:49.095Z","2025-11-14T21:59:49.095Z","piece","good","[]","{}","","","{}","[]","7","",""
"5c616220-6d32-4501-90c7-e6d6672030af","","Grey Surge Protectors","Grey Surge Protectors is a power cable or electrical accessory. Stored in box 12 at Lucy Stone Storage Facility.","MSA-0003","MSA-BAR-0003","MSA-QR-5c616220-6d32-4501-90c7-e6d6672030af","CABLE","","2","2","{""building"":""Lucy Stone Storage Facility"",""room"":""Lucy Stone Storage Facility"",""shelf"":""Lucy Stone Storage Facility"",""bin"":""12""}","active","true","false","{""purchasePrice"":0,""currentValue"":0,""currency"":""USD""}","{}","","2025-11-14T21:59:49.095Z","2025-11-14T21:59:49.095Z","piece","good","[]","{}","","","{}","[]","7","",""
"fc3e40c9-bf70-407b-b2e6-93d209cb749c","","Black Triple Multiplug","Black Triple Multiplug is a power cable or electrical accessory. Stored in box 12 at Lucy Stone Storage Facility.","MSA-0004","MSA-BAR-0004","MSA-QR-fc3e40c9-bf70-407b-b2e6-93d209cb749c","CABLE","","1","1","{""building"":""Lucy Stone Storage Facility"",""room"":""Lucy Stone Storage Facility"",""shelf"":""Lucy Stone Storage Facility"",""bin"":""12""}","active","true","false","{""purchasePrice"":0,""currentValue"":0,""currency"":""USD""}","{}","","2025-11-14T21:59:49.095Z","2025-11-14T21:59:49.095Z","piece","good","[]","{}","","","{}","[]","7","",""
"7dd747e8-55c6-4184-97a1-cccaa1f70e8a","","Black Multiplug","Black Multiplug is a power cable or electrical accessory. Stored in box 12 at Lucy Stone Storage Facility.","MSA-0005","MSA-BAR-0005","MSA-QR-7dd747e8-55c6-4184-97a1-cccaa1f70e8a","CABLE","","1","1","{""building"":""Lucy Stone Storage Facility"",""room"":""Lucy Stone Storage Facility"",""shelf"":""Lucy Stone Storage Facility"",""bin"":""12""}","active","true","false","{""purchasePrice"":0,""currentValue"":0,""currency"":""USD""}","{}","","2025-11-14T21:59:49.095Z","2025-11-14T21:59:49.095Z","piece","good","[]","{}","","","{}","[]","7","",""
"25ed5e7f-6f32-40e5-9865-4f2f91437ca7","","White Extension Cord Short","White Extension Cord Short is a power cable or electrical accessory. Stored in box 12 at Lucy Stone Storage Facility.","MSA-0006","MSA-BAR-0006","MSA-QR-25ed5e7f-6f32-40e5-9865-4f2f91437ca7","CABLE","","2","2","{""building"":""Lucy Stone Storage Facility"",""room"":""Lucy Stone Storage Facility"",""shelf"":""Lucy Stone Storage Facility"",""bin"":""12""}","active","true","false","{""purchasePrice"":0,""currentValue"":0,""currency"":""USD""}","{}","","2025-11-14T21:59:49.095Z","2025-11-14T21:59:49.095Z","piece","good","[]","{}","","","{}","[]","7","",""
"3af37a27-2189-45c7-be9c-59046f2e9915","","White Extension Cord long","White Extension Cord long is a power cable or electrical accessory. Stored in box 12 at Lucy Stone Storage Facility.","MSA-0007","MSA-BAR-0007","MSA-QR-3af37a27-2189-45c7-be9c-59046f2e9915","CABLE","","1","1","{""building"":""Lucy Stone Storage Facility"",""room"":""Lucy Stone Storage Facility"",""shelf"":""Lucy Stone Storage Facility"",""bin"":""12""}","active","true","false","{""purchasePrice"":0,""currentValue"":0,""currency"":""USD""}","{}","","2025-11-14T21:59:49.095Z","2025-11-14T21:59:49.095Z","piece","good","[]","{}","","","{}","[]","7","",""
"c1f78b4c-46f7-4d78-94c7-7ac5228fd673","","Plastic Forks","Plastic Forks is a serving or dining utensil. Stored in box 1 at Lucy Stone Storage Facility.","MSA-0008","MSA-BAR-0008","MSA-QR-c1f78b4c-46f7-4d78-94c7-7ac5228fd673","UTENSILS","","1","1","{""building"":""Lucy Stone Storage Facility"",""room"":""Lucy Stone Storage Facility"",""shelf"":""Lucy Stone Storage Facility"",""bin"":""1""}","active","true","false","{""purchasePrice"":0,""currentValue"":0,""currency"":""USD""}","{}","","2025-11-14T21:59:49.095Z","2025-11-14T21:59:49.095Z","piece","good","[]","{}","","","{}","[]","7","",""
"e99fe189-14d4-4413-aec8-09415d992320","","Plastic Forks","Plastic Forks is a serving or dining utensil. Stored in box 1 at Lucy Stone Storage Facility.","MSA-0009","MSA-BAR-0009","MSA-QR-e99fe189-14d4-4413-aec8-09415d992320","UTENSILS","","1","1","{""building"":""Lucy Stone Storage Facility"",""room"":""Lucy Stone Storage Facility"",""shelf"":""Lucy Stone Storage Facility"",""bin"":""1""}","active","true","false","{""purchasePrice"":0,""currentValue"":0,""currency"":""USD""}","{}","","2025-11-14T21:59:49.095Z","2025-11-14T21:59:49.095Z","piece","good","[]","{}","","","{}","[]","7","",""
"c9cd6da9-2d81-49fe-8573-cdd3492f7d66","","Parchment Paper","Parchment Paper is a serving or dining utensil. Stored in box 1 at Lucy Stone Storage Facility.","MSA-0010","MSA-BAR-0010","MSA-QR-c9cd6da9-2d81-49fe-8573-cdd3492f7d66","UTENSILS","","1","1","{""building"":""Lucy Stone Storage Facility"",""room"":""Lucy Stone Storage Facility"",""shelf"":""Lucy Stone Storage Facility"",""bin"":""1""}","active","true","false","{""purchasePrice"":0,""currentValue"":0,""currency"":""USD""}","{}","","2025-11-14T21:59:49.095Z","2025-11-14T21:59:49.095Z","piece","good","[]","{}","","","{}","[]","7","",""
"2547240b-cf66-4e55-aa98-b6c0c3ac1627","","napkins","napkins is a serving or dining utensil. Stored in box 2 at Lucy Stone Storage Facility.","MSA-0011","MSA-BAR-0011","MSA-QR-2547240b-cf66-4e55-aa98-b6c0c3ac1627","UTENSILS","","1","1","{""building"":""Lucy Stone Storage Facility"",""room"":""Lucy Stone Storage Facility"",""shelf"":""Lucy Stone Storage Facility"",""bin"":""2""}","active","true","false","{""purchasePrice"":0,""currentValue"":0,""currency"":""USD""}","{}","","2025-11-14T21:59:49.095Z","2025-11-14T21:59:49.095Z","piece","good","[]","{}","","","{}","[]","7","",""
"f32c6451-0f88-4eb5-860c-fdb47154e657","","Paper plates","Paper plates is a serving or dining utensil. Stored in box 2 at Lucy Stone Storage Facility.","MSA-0012","MSA-BAR-0012","MSA-QR-f32c6451-0f88-4eb5-860c-fdb47154e657","UTENSILS","","1","1","{""building"":""Lucy Stone Storage Facility"",""room"":""Lucy Stone Storage Facility"",""shelf"":""Lucy Stone Storage Facility"",""bin"":""2""}","active","true","false","{""purchasePrice"":0,""currentValue"":0,""currency"":""USD""}","{}","","2025-11-14T21:59:49.095Z","2025-11-14T21:59:49.095Z","piece","good","[]","{}","","","{}","[]","7","",""
"1e797920-97ca-40a2-81d4-af9524030fdb","","Plastic Spoons","Plastic Spoons is a serving or dining utensil. Stored in box 1 at Lucy Stone Storage Facility.","MSA-0013","MSA-BAR-0013","MSA-QR-1e797920-97ca-40a2-81d4-af9524030fdb","UTENSILS","","1","1","{""building"":""Lucy Stone Storage Facility"",""room"":""Lucy Stone Storage Facility"",""shelf"":""Lucy Stone Storage Facility"",""bin"":""1""}","active","true","false","{""purchasePrice"":0,""currentValue"":0,""currency"":""USD""}","{}","","2025-11-14T21:59:49.095Z","2025-11-14T21:59:49.095Z","piece","good","[]","{}","","","{}","[]","7","",""
"d08858c6-3e4f-4e4f-bbcf-0bb9abb41221","","Big Black Lanterns","Big Black Lanterns is a lighting or battery-powered decor. Stored in box 13 at Lucy Stone Storage Facility.","MSA-0014","MSA-BAR-0014","MSA-QR-d08858c6-3e4f-4e4f-bbcf-0bb9abb41221","LIGHTS","","2","2","{""building"":""Lucy Stone Storage Facility"",""room"":""Lucy Stone Storage Facility"",""shelf"":""Lucy Stone Storage Facility"",""bin"":""13""}","active","true","false","{""purchasePrice"":0,""currentValue"":0,""currency"":""USD""}","{}","","2025-11-14T21:59:49.095Z","2025-11-14T21:59:49.095Z","piece","good","[]","{}","","","{}","[]","7","",""
"b02ea650-3a9b-4c7c-a14b-1aa356f3ab55","","Yellow String Lanterns","Yellow String Lanterns is a lighting or battery-powered decor. Stored in box 13 at Lucy Stone Storage Facility.","MSA-0015","MSA-BAR-0015","MSA-QR-b02ea650-3a9b-4c7c-a14b-1aa356f3ab55","LIGHTS","","1","1","{""building"":""Lucy Stone Storage Facility"",""room"":""Lucy Stone Storage Facility"",""shelf"":""Lucy Stone Storage Facility"",""bin"":""13""}","active","true","false","{""purchasePrice"":0,""currentValue"":0,""currency"":""USD""}","{}","","2025-11-14T21:59:49.095Z","2025-11-14T21:59:49.095Z","piece","good","[]","{}","","","{}","[]","7","",""
"a53feec3-513c-4a41-aefd-e6b445180a8d","","String Snow String (Large)","String Snow String (Large) is a lighting or battery-powered decor. Stored in box 13 at Lucy Stone Storage Facility.","MSA-0016","MSA-BAR-0016","MSA-QR-a53feec3-513c-4a41-aefd-e6b445180a8d","LIGHTS","","1","1","{""building"":""Lucy Stone Storage Facility"",""room"":""Lucy Stone Storage Facility"",""shelf"":""Lucy Stone Storage Facility"",""bin"":""13""}","active","true","false","{""purchasePrice"":0,""currentValue"":0,""currency"":""USD""}","{}","","2025-11-14T21:59:49.095Z","2025-11-14T21:59:49.095Z","piece","good","[]","{}","","","{}","[]","7","",""
"dc1b4344-86a6-47f2-b9b3-2e9a010a1dcc","","Medium Black Lanterns","Medium Black Lanterns is a lighting or battery-powered decor. Stored in box 13 at Lucy Stone Storage Facility.","MSA-0017","MSA-BAR-0017","MSA-QR-dc1b4344-86a6-47f2-b9b3-2e9a010a1dcc","LIGHTS","","2","2","{""building"":""Lucy Stone Storage Facility"",""room"":""Lucy Stone Storage Facility"",""shelf"":""Lucy Stone Storage Facility"",""bin"":""13""}","active","true","false","{""purchasePrice"":0,""currentValue"":0,""currency"":""USD""}","{}","","2025-11-14T21:59:49.095Z","2025-11-14T21:59:49.095Z","piece","good","[]","{}","","","{}","[]","7","",""
"3d5b8d30-6ca8-4ac6-ad41-34016fba73b6","","Small Yellow Metal Lantern","Small Yellow Metal Lantern is a lighting or battery-powered decor. Stored in box 13 at Lucy Stone Storage Facility.","MSA-0018","MSA-BAR-0018","MSA-QR-3d5b8d30-6ca8-4ac6-ad41-34016fba73b6","LIGHTS","","5","5","{""building"":""Lucy Stone Storage Facility"",""room"":""Lucy Stone Storage Facility"",""shelf"":""Lucy Stone Storage Facility"",""bin"":""13""}","active","true","false","{""purchasePrice"":0,""currentValue"":0,""currency"":""USD""}","{}","","2025-11-14T21:59:49.095Z","2025-11-14T21:59:49.095Z","piece","good","[]","{}","","","{}","[]","7","",""
"4a355d57-d15f-4879-8ffb-437047617f8d","","Yellow String Lanterns","Yellow String Lanterns is a lighting or battery-powered decor. Stored in box 13 at Lucy Stone Storage Facility.","MSA-0019","MSA-BAR-0019","MSA-QR-4a355d57-d15f-4879-8ffb-437047617f8d","LIGHTS","","5","5","{""building"":""Lucy Stone Storage Facility"",""room"":""Lucy Stone Storage Facility"",""shelf"":""Lucy Stone Storage Facility"",""bin"":""13""}","active","true","false","{""purchasePrice"":0,""currentValue"":0,""currency"":""USD""}","{}","","2025-11-14T21:59:49.095Z","2025-11-14T21:59:49.095Z","piece","good","[]","{}","","","{}","[]","7","",""
"ca73d39e-0ee6-4d09-bdcc-90145f852414","","String Snow Lights (Small)","String Snow Lights (Small) is a lighting or battery-powered decor. Stored in box 13 at Lucy Stone Storage Facility.","MSA-0020","MSA-BAR-0020","MSA-QR-ca73d39e-0ee6-4d09-bdcc-90145f852414","LIGHTS","","1","1","{""building"":""Lucy Stone Storage Facility"",""room"":""Lucy Stone Storage Facility"",""shelf"":""Lucy Stone Storage Facility"",""bin"":""13""}","active","true","false","{""purchasePrice"":0,""currentValue"":0,""currency"":""USD""}","{}","","2025-11-14T21:59:49.095Z","2025-11-14T21:59:49.095Z","piece","good","[]","{}","","","{}","[]","7","",""
"e1d083d1-f179-4218-ba8b-a73a8809a51e","","Yellow Lantern Holder","Yellow Lantern Holder is a lighting or battery-powered decor. Stored in box 13 at Lucy Stone Storage Facility.","MSA-0021","MSA-BAR-0021","MSA-QR-e1d083d1-f179-4218-ba8b-a73a8809a51e","LIGHTS","","2","2","{""building"":""Lucy Stone Storage Facility"",""room"":""Lucy Stone Storage Facility"",""shelf"":""Lucy Stone Storage Facility"",""bin"":""13""}","active","true","false","{""purchasePrice"":0,""currentValue"":0,""currency"":""USD""}","{}","","2025-11-14T21:59:49.095Z","2025-11-14T21:59:49.095Z","piece","good","[]","{}","","","{}","[]","7","",""
"73d42561-8822-4810-8172-bd177d429094","","Tall Gold Lanterns","Tall Gold Lanterns is a lighting or battery-powered decor. Stored in box 13 at Lucy Stone Storage Facility.","MSA-0022","MSA-BAR-0022","MSA-QR-73d42561-8822-4810-8172-bd177d429094","LIGHTS","","4","4","{""building"":""Lucy Stone Storage Facility"",""room"":""Lucy Stone Storage Facility"",""shelf"":""Lucy Stone Storage Facility"",""bin"":""13""}","active","true","false","{""purchasePrice"":0,""currentValue"":0,""currency"":""USD""}","{}","","2025-11-14T21:59:49.095Z","2025-11-14T21:59:49.095Z","piece","good","[]","{}","","","{}","[]","7","",""
"7736cd44-ff2b-4d16-b0fc-06ce86938a0c","","Small Tall White Battery Candles","Small Tall White Battery Candles is a lighting or battery-powered decor. Stored in box 13 at Lucy Stone Storage Facility.","MSA-0023","MSA-BAR-0023","MSA-QR-7736cd44-ff2b-4d16-b0fc-06ce86938a0c","LIGHTS","","18","18","{""building"":""Lucy Stone Storage Facility"",""room"":""Lucy Stone Storage Facility"",""shelf"":""Lucy Stone Storage Facility"",""bin"":""13""}","active","true","false","{""purchasePrice"":0,""currentValue"":0,""currency"":""USD""}","{}","","2025-11-14T21:59:49.095Z","2025-11-14T21:59:49.095Z","piece","good","[]","{}","","","{}","[]","7","",""
"11ffad62-0e80-4e2d-8c4e-4ced5f84706b","","Medium White Battery Candles","Medium White Battery Candles is a lighting or battery-powered decor. Stored in box 13 at Lucy Stone Storage Facility.","MSA-0024","MSA-BAR-0024","MSA-QR-11ffad62-0e80-4e2d-8c4e-4ced5f84706b","LIGHTS","","50","50","{""building"":""Lucy Stone Storage Facility"",""room"":""Lucy Stone Storage Facility"",""shelf"":""Lucy Stone Storage Facility"",""bin"":""13""}","active","true","false","{""purchasePrice"":0,""currentValue"":0,""currency"":""USD""}","{}","","2025-11-14T21:59:49.095Z","2025-11-14T21:59:49.095Z","piece","good","[]","{}","","","{}","[]","7","",""
"092ec349-c6bc-4a38-b6c3-72bc195ce0c3","","Small Fairy Lights","Small Fairy Lights is a lighting or battery-powered decor. Stored in box 13 at Lucy Stone Storage Facility.","MSA-0025","MSA-BAR-0025","MSA-QR-092ec349-c6bc-4a38-b6c3-72bc195ce0c3","LIGHTS","","1","1","{""building"":""Lucy Stone Storage Facility"",""room"":""Lucy Stone Storage Facility"",""shelf"":""Lucy Stone Storage Facility"",""bin"":""13""}","active","true","false","{""purchasePrice"":0,""currentValue"":0,""currency"":""USD""}","{}","","2025-11-14T21:59:49.095Z","2025-11-14T21:59:49.095Z","piece","good","[]","{}","","","{}","[]","7","",""
"a3acfd3b-5bab-4ccf-84a9-73290c9a1fa1","","Small Fairy Lights","Small Fairy Lights is a lighting or battery-powered decor. Stored in box 13 at Lucy Stone Storage Facility.","MSA-0026","MSA-BAR-0026","MSA-QR-a3acfd3b-5bab-4ccf-84a9-73290c9a1fa1","LIGHTS","","1","1","{""building"":""Lucy Stone Storage Facility"",""room"":""Lucy Stone Storage Facility"",""shelf"":""Lucy Stone Storage Facility"",""bin"":""13""}","active","true","false","{""purchasePrice"":0,""currentValue"":0,""currency"":""USD""}","{}","","2025-11-14T21:59:49.095Z","2025-11-14T21:59:49.095Z","piece","good","[]","{}","","","{}","[]","7","",""
"109cb07e-381c-4a3e-b278-ffb11c7fef3b","","Wax and electric tea candles","Wax and electric tea candles is a lighting or battery-powered decor. Stored in box 13 at Lucy Stone Storage Facility.","MSA-0027","MSA-BAR-0027","MSA-QR-109cb07e-381c-4a3e-b278-ffb11c7fef3b","LIGHTS","","1","1","{""building"":""Lucy Stone Storage Facility"",""room"":""Lucy Stone Storage Facility"",""shelf"":""Lucy Stone Storage Facility"",""bin"":""13""}","active","true","false","{""purchasePrice"":0,""currentValue"":0,""currency"":""USD""}","{}","","2025-11-14T21:59:49.095Z","2025-11-14T21:59:49.095Z","piece","good","[]","{}","","","{}","[]","7","",""
"d2fc31f5-51ea-46bb-b9fe-24ca48231d60","","Spikeball (in Box)","Spikeball (in Box) is a general-purpose inventory item. Stored in box 9 at Lucy Stone Storage Facility.","MSA-0028","MSA-BAR-0028","MSA-QR-d2fc31f5-51ea-46bb-b9fe-24ca48231d60","MISC","","1","1","{""building"":""Lucy Stone Storage Facility"",""room"":""Lucy Stone Storage Facility"",""shelf"":""Lucy Stone Storage Facility"",""bin"":""9""}","active","true","false","{""purchasePrice"":0,""currentValue"":0,""currency"":""USD""}","{}","","2025-11-14T21:59:49.095Z","2025-11-14T21:59:49.095Z","piece","good","[]","{}","","","{}","[]","7","",""
"4bfcd708-8acb-40f1-a8d3-7244d2a192a9","","Spikeball (in Bag)","Spikeball (in Bag) is a general-purpose inventory item. Stored in box 9 at Lucy Stone Storage Facility.","MSA-0029","MSA-BAR-0029","MSA-QR-4bfcd708-8acb-40f1-a8d3-7244d2a192a9","MISC","","1","1","{""building"":""Lucy Stone Storage Facility"",""room"":""Lucy Stone Storage Facility"",""shelf"":""Lucy Stone Storage Facility"",""bin"":""9""}","active","true","false","{""purchasePrice"":0,""currentValue"":0,""currency"":""USD""}","{}","","2025-11-14T21:59:49.095Z","2025-11-14T21:59:49.095Z","piece","good","[]","{}","","","{}","[]","7","",""
"ffe1de0a-7ff7-4fc1-bee2-1959383c6591","","Limbo","Limbo is a general-purpose inventory item. Stored in box 9 at Lucy Stone Storage Facility.","MSA-0030","MSA-BAR-0030","MSA-QR-ffe1de0a-7ff7-4fc1-bee2-1959383c6591","MISC","","1","1","{""building"":""Lucy Stone Storage Facility"",""room"":""Lucy Stone Storage Facility"",""shelf"":""Lucy Stone Storage Facility"",""bin"":""9""}","active","true","false","{""purchasePrice"":0,""currentValue"":0,""currency"":""USD""}","{}","","2025-11-14T21:59:49.095Z","2025-11-14T21:59:49.095Z","piece","good","[]","{}","","","{}","[]","7","",""
"9c396d52-74a8-4d11-ba91-d0fb5a8ffc55","","Wiffle Ball & Bat (Red)","Wiffle Ball & Bat (Red) is a general-purpose inventory item. Stored in box 8 at Lucy Stone Storage Facility.","MSA-0031","MSA-BAR-0031","MSA-QR-9c396d52-74a8-4d11-ba91-d0fb5a8ffc55","MISC","","1","1","{""building"":""Lucy Stone Storage Facility"",""room"":""Lucy Stone Storage Facility"",""shelf"":""Lucy Stone Storage Facility"",""bin"":""8""}","active","true","false","{""purchasePrice"":0,""currentValue"":0,""currency"":""USD""}","{}","","2025-11-14T21:59:49.095Z","2025-11-14T21:59:49.095Z","piece","good","[]","{}","","","{}","[]","7","",""
"a8c66c11-8450-466f-912a-9a645170ac66","","Football","Football is a general-purpose inventory item. Stored in box 9 at Lucy Stone Storage Facility.","MSA-0032","MSA-BAR-0032","MSA-QR-a8c66c11-8450-466f-912a-9a645170ac66","MISC","","1","1","{""building"":""Lucy Stone Storage Facility"",""room"":""Lucy Stone Storage Facility"",""shelf"":""Lucy Stone Storage Facility"",""bin"":""9""}","active","true","false","{""purchasePrice"":0,""currentValue"":0,""currency"":""USD""}","{}","","2025-11-14T21:59:49.095Z","2025-11-14T21:59:49.095Z","piece","good","[]","{}","","","{}","[]","7","",""
"b0fddc12-6912-46f9-a885-93ed13ab9e35","","Volleyball","Volleyball is a general-purpose inventory item. Stored in box 8 at Lucy Stone Storage Facility.","MSA-0033","MSA-BAR-0033","MSA-QR-b0fddc12-6912-46f9-a885-93ed13ab9e35","MISC","","1","1","{""building"":""Lucy Stone Storage Facility"",""room"":""Lucy Stone Storage Facility"",""shelf"":""Lucy Stone Storage Facility"",""bin"":""8""}","active","true","false","{""purchasePrice"":0,""currentValue"":0,""currency"":""USD""}","{}","","2025-11-14T21:59:49.095Z","2025-11-14T21:59:49.095Z","piece","good","[]","{}","","","{}","[]","7","",""
"ed0828a8-709b-4311-9202-985a8310e6cc","","Cones","Cones is a general-purpose inventory item. Stored in box 9 at Lucy Stone Storage Facility.","MSA-0034","MSA-BAR-0034","MSA-QR-ed0828a8-709b-4311-9202-985a8310e6cc","MISC","","24","24","{""building"":""Lucy Stone Storage Facility"",""room"":""Lucy Stone Storage Facility"",""shelf"":""Lucy Stone Storage Facility"",""bin"":""9""}","active","true","false","{""purchasePrice"":0,""currentValue"":0,""currency"":""USD""}","{}","","2025-11-14T21:59:49.095Z","2025-11-14T21:59:49.095Z","piece","good","[]","{}","","","{}","[]","7","",""
"8beaa563-cc4a-484a-addb-301617d33337","","Tug of War","Tug of War is a general-purpose inventory item. Stored in box 9 at Lucy Stone Storage Facility.","MSA-0035","MSA-BAR-0035","MSA-QR-8beaa563-cc4a-484a-addb-301617d33337","MISC","","1","1","{""building"":""Lucy Stone Storage Facility"",""room"":""Lucy Stone Storage Facility"",""shelf"":""Lucy Stone Storage Facility"",""bin"":""9""}","active","true","false","{""purchasePrice"":0,""currentValue"":0,""currency"":""USD""}","{}","","2025-11-14T21:59:49.095Z","2025-11-14T21:59:49.095Z","piece","good","[]","{}","","","{}","[]","7","",""
"2edab9ba-531c-466b-8ca7-5229271339a4","","Clown Balls","Clown Balls is a general-purpose inventory item. Stored in box 8 at Lucy Stone Storage Facility. Notes: In a blue bag","MSA-0036","MSA-BAR-0036","MSA-QR-2edab9ba-531c-466b-8ca7-5229271339a4","MISC","","2","2","{""building"":""Lucy Stone Storage Facility"",""room"":""Lucy Stone Storage Facility"",""shelf"":""Lucy Stone Storage Facility"",""bin"":""8""}","active","true","false","{""purchasePrice"":0,""currentValue"":0,""currency"":""USD""}","{}","In a blue bag","2025-11-14T21:59:49.095Z","2025-11-14T21:59:49.095Z","piece","good","[]","{}","","","{}","[]","7","",""
"9653666c-4069-4fe3-952b-7fe55831d6fb","","Assorted Florals","Assorted Florals is a general-purpose inventory item. Stored in box 3 at Lucy Stone Storage Facility.","MSA-0037","MSA-BAR-0037","MSA-QR-9653666c-4069-4fe3-952b-7fe55831d6fb","MISC","","1","1","{""building"":""Lucy Stone Storage Facility"",""room"":""Lucy Stone Storage Facility"",""shelf"":""Lucy Stone Storage Facility"",""bin"":""3""}","active","true","false","{""purchasePrice"":0,""currentValue"":0,""currency"":""USD""}","{}","","2025-11-14T21:59:49.095Z","2025-11-14T21:59:49.095Z","piece","good","[]","{}","","","{}","[]","7","",""
"179d8bba-eeec-4725-816d-c97ada482e80","","Gold Plastic Knives","Gold Plastic Knives is a serving or dining utensil. Stored in box 1 at Lucy Stone Storage Facility.","MSA-0038","MSA-BAR-0038","MSA-QR-179d8bba-eeec-4725-816d-c97ada482e80","UTENSILS","","5","5","{""building"":""Lucy Stone Storage Facility"",""room"":""Lucy Stone Storage Facility"",""shelf"":""Lucy Stone Storage Facility"",""bin"":""1""}","active","true","false","{""purchasePrice"":0,""currentValue"":0,""currency"":""USD""}","{}","","2025-11-14T21:59:49.095Z","2025-11-14T21:59:49.095Z","piece","good","[]","{}","","","{}","[]","7","",""
"da888e29-1942-4b43-803c-916e74baf724","","silver serving spoons","silver serving spoons is a serving or dining utensil. Stored in box 2 at Lucy Stone Storage Facility.","MSA-0039","MSA-BAR-0039","MSA-QR-da888e29-1942-4b43-803c-916e74baf724","UTENSILS","","3","3","{""building"":""Lucy Stone Storage Facility"",""room"":""Lucy Stone Storage Facility"",""shelf"":""Lucy Stone Storage Facility"",""bin"":""2""}","active","true","false","{""purchasePrice"":0,""currentValue"":0,""currency"":""USD""}","{}","","2025-11-14T21:59:49.095Z","2025-11-14T21:59:49.095Z","piece","good","[]","{}","","","{}","[]","7","",""
"d564aaa3-7d62-48b2-a781-f4ec339c9105","","metal tongs","metal tongs is a serving or dining utensil. Stored in box 2 at Lucy Stone Storage Facility.","MSA-0040","MSA-BAR-0040","MSA-QR-d564aaa3-7d62-48b2-a781-f4ec339c9105","UTENSILS","","5","5","{""building"":""Lucy Stone Storage Facility"",""room"":""Lucy Stone Storage Facility"",""shelf"":""Lucy Stone Storage Facility"",""bin"":""2""}","active","true","false","{""purchasePrice"":0,""currentValue"":0,""currency"":""USD""}","{}","","2025-11-14T21:59:49.095Z","2025-11-14T21:59:49.095Z","piece","good","[]","{}","","","{}","[]","7","",""
"4b839c11-ed0f-4b80-bc36-ce0fdf6ec876","","flag banners","flag banners is a event decor or ambiance accessory. Stored in box 4 at Lucy Stone Storage Facility.","MSA-0041","MSA-BAR-0041","MSA-QR-4b839c11-ed0f-4b80-bc36-ce0fdf6ec876","DECOR","","4","4","{""building"":""Lucy Stone Storage Facility"",""room"":""Lucy Stone Storage Facility"",""shelf"":""Lucy Stone Storage Facility"",""bin"":""4""}","active","true","false","{""purchasePrice"":0,""currentValue"":0,""currency"":""USD""}","{}","","2025-11-14T21:59:49.095Z","2025-11-14T21:59:49.095Z","piece","good","[]","{}","","","{}","[]","7","",""
"787f3381-c6fb-4347-ba40-8c8e3f4ef583","","marbles","marbles is a event decor or ambiance accessory. Stored in box 4 at Lucy Stone Storage Facility.","MSA-0042","MSA-BAR-0042","MSA-QR-787f3381-c6fb-4347-ba40-8c8e3f4ef583","DECOR","","1","1","{""building"":""Lucy Stone Storage Facility"",""room"":""Lucy Stone Storage Facility"",""shelf"":""Lucy Stone Storage Facility"",""bin"":""4""}","active","true","false","{""purchasePrice"":0,""currentValue"":0,""currency"":""USD""}","{}","","2025-11-14T21:59:49.095Z","2025-11-14T21:59:49.095Z","piece","good","[]","{}","","","{}","[]","7","",""
"f546aebe-192d-459e-9baf-b043a24528cb","","world map banner","world map banner is a event decor or ambiance accessory. Stored in box 4 at Lucy Stone Storage Facility.","MSA-0043","MSA-BAR-0043","MSA-QR-f546aebe-192d-459e-9baf-b043a24528cb","DECOR","","1","1","{""building"":""Lucy Stone Storage Facility"",""room"":""Lucy Stone Storage Facility"",""shelf"":""Lucy Stone Storage Facility"",""bin"":""4""}","active","true","false","{""purchasePrice"":0,""currentValue"":0,""currency"":""USD""}","{}","","2025-11-14T21:59:49.095Z","2025-11-14T21:59:49.095Z","piece","good","[]","{}","","","{}","[]","7","",""
"cd2b765e-6753-453f-84b3-3cf68febd3f4","","medium chai cups","medium chai cups is a serving or dining utensil. Stored in box 2 at Lucy Stone Storage Facility.","MSA-0044","MSA-BAR-0044","MSA-QR-cd2b765e-6753-453f-84b3-3cf68febd3f4","UTENSILS","","1","1","{""building"":""Lucy Stone Storage Facility"",""room"":""Lucy Stone Storage Facility"",""shelf"":""Lucy Stone Storage Facility"",""bin"":""2""}","active","true","false","{""purchasePrice"":0,""currentValue"":0,""currency"":""USD""}","{}","","2025-11-14T21:59:49.095Z","2025-11-14T21:59:49.095Z","piece","good","[]","{}","","","{}","[]","7","",""
"75f6588c-0504-4509-bf11-c42bec03e47f","","clear candy bowls","clear candy bowls is a serving or dining utensil. Stored in box 2 at Lucy Stone Storage Facility.","MSA-0045","MSA-BAR-0045","MSA-QR-75f6588c-0504-4509-bf11-c42bec03e47f","UTENSILS","","4","4","{""building"":""Lucy Stone Storage Facility"",""room"":""Lucy Stone Storage Facility"",""shelf"":""Lucy Stone Storage Facility"",""bin"":""2""}","active","true","false","{""purchasePrice"":0,""currentValue"":0,""currency"":""USD""}","{}","","2025-11-14T21:59:49.095Z","2025-11-14T21:59:49.095Z","piece","good","[]","{}","","","{}","[]","7","",""
"979e5330-7cf7-4725-95ca-bfa2f5e4b00c","","poly aprons","poly aprons is a serving or dining utensil. Stored in box 2 at Lucy Stone Storage Facility.","MSA-0046","MSA-BAR-0046","MSA-QR-979e5330-7cf7-4725-95ca-bfa2f5e4b00c","UTENSILS","","1","1","{""building"":""Lucy Stone Storage Facility"",""room"":""Lucy Stone Storage Facility"",""shelf"":""Lucy Stone Storage Facility"",""bin"":""2""}","active","true","false","{""purchasePrice"":0,""currentValue"":0,""currency"":""USD""}","{}","","2025-11-14T21:59:49.095Z","2025-11-14T21:59:49.095Z","piece","good","[]","{}","","","{}","[]","7","",""
"f751b196-85ab-46ba-b5bb-9278ec01554d","","assorted plastic tablecloths","assorted plastic tablecloths is a serving or dining utensil. Stored in box 2 at Lucy Stone Storage Facility.","MSA-0047","MSA-BAR-0047","MSA-QR-f751b196-85ab-46ba-b5bb-9278ec01554d","UTENSILS","","1","1","{""building"":""Lucy Stone Storage Facility"",""room"":""Lucy Stone Storage Facility"",""shelf"":""Lucy Stone Storage Facility"",""bin"":""2""}","active","true","false","{""purchasePrice"":0,""currentValue"":0,""currency"":""USD""}","{}","","2025-11-14T21:59:49.095Z","2025-11-14T21:59:49.095Z","piece","good","[]","{}","","","{}","[]","7","",""
"8e07d281-679e-494b-9047-d42e71a59b71","","disposable gloves","disposable gloves is a serving or dining utensil. Stored in box 2 at Lucy Stone Storage Facility.","MSA-0048","MSA-BAR-0048","MSA-QR-8e07d281-679e-494b-9047-d42e71a59b71","UTENSILS","","1","1","{""building"":""Lucy Stone Storage Facility"",""room"":""Lucy Stone Storage Facility"",""shelf"":""Lucy Stone Storage Facility"",""bin"":""2""}","active","true","false","{""purchasePrice"":0,""currentValue"":0,""currency"":""USD""}","{}","","2025-11-14T21:59:49.095Z","2025-11-14T21:59:49.095Z","piece","good","[]","{}","","","{}","[]","7","",""
"7815474a-a93b-4cd8-b557-3f6477c94bac","","Fluted vases","Fluted vases is a glassware or vase. Stored in box black crate 1 at Lucy Stone Storage Facility.","MSA-0049","MSA-BAR-0049","MSA-QR-7815474a-a93b-4cd8-b557-3f6477c94bac","GLASS","","1","1","{""building"":""Lucy Stone Storage Facility"",""room"":""Lucy Stone Storage Facility"",""shelf"":""Lucy Stone Storage Facility"",""bin"":""black crate 1""}","active","true","false","{""purchasePrice"":0,""currentValue"":0,""currency"":""USD""}","{}","","2025-11-14T21:59:49.095Z","2025-11-14T21:59:49.095Z","piece","good","[]","{}","","","{}","[]","7","",""
"78682c5e-24c6-495d-a74f-fde59520afa6","","fluted vases","fluted vases is a glassware or vase. Stored in box black crate 2 at Lucy Stone Storage Facility.","MSA-0050","MSA-BAR-0050","MSA-QR-78682c5e-24c6-495d-a74f-fde59520afa6","GLASS","","1","1","{""building"":""Lucy Stone Storage Facility"",""room"":""Lucy Stone Storage Facility"",""shelf"":""Lucy Stone Storage Facility"",""bin"":""black crate 2""}","active","true","false","{""purchasePrice"":0,""currentValue"":0,""currency"":""USD""}","{}","","2025-11-14T21:59:49.095Z","2025-11-14T21:59:49.095Z","piece","good","[]","{}","","","{}","[]","7","",""
"9cc6b468-d41f-4245-9f57-4672d9e3cddd","","fluted vases","fluted vases is a glassware or vase. Stored in box wooden crate 3 at Lucy Stone Storage Facility.","MSA-0051","MSA-BAR-0051","MSA-QR-9cc6b468-d41f-4245-9f57-4672d9e3cddd","GLASS","","1","1","{""building"":""Lucy Stone Storage Facility"",""room"":""Lucy Stone Storage Facility"",""shelf"":""Lucy Stone Storage Facility"",""bin"":""wooden crate 3""}","active","true","false","{""purchasePrice"":0,""currentValue"":0,""currency"":""USD""}","{}","","2025-11-14T21:59:49.095Z","2025-11-14T21:59:49.095Z","piece","good","[]","{}","","","{}","[]","7","",""
"b81eead9-f0e1-4361-bb93-ec1e62fc8084","","rounded vases","rounded vases is a glassware or vase. Stored in box wooden crate 1+2 at Lucy Stone Storage Facility.","MSA-0052","MSA-BAR-0052","MSA-QR-b81eead9-f0e1-4361-bb93-ec1e62fc8084","GLASS","","1","1","{""building"":""Lucy Stone Storage Facility"",""room"":""Lucy Stone Storage Facility"",""shelf"":""Lucy Stone Storage Facility"",""bin"":""wooden crate 1+2""}","active","true","false","{""purchasePrice"":0,""currentValue"":0,""currency"":""USD""}","{}","","2025-11-14T21:59:49.095Z","2025-11-14T21:59:49.095Z","piece","good","[]","{}","","","{}","[]","7","",""
"bb79d12a-ff89-4601-8321-2b10fa9f9a57","","table number holders","table number holders is a glassware or vase. Stored in box wooden crate 1 at Lucy Stone Storage Facility.","MSA-0053","MSA-BAR-0053","MSA-QR-bb79d12a-ff89-4601-8321-2b10fa9f9a57","GLASS","","1","1","{""building"":""Lucy Stone Storage Facility"",""room"":""Lucy Stone Storage Facility"",""shelf"":""Lucy Stone Storage Facility"",""bin"":""wooden crate 1""}","active","true","false","{""purchasePrice"":0,""currentValue"":0,""currency"":""USD""}","{}","","2025-11-14T21:59:49.095Z","2025-11-14T21:59:49.095Z","piece","good","[]","{}","","","{}","[]","7","",""
"2280068e-45c0-43f8-a5f6-d7b952c40149","","rounded vases","rounded vases is a glassware or vase. Stored in box wooden crate 3 at Lucy Stone Storage Facility.","MSA-0054","MSA-BAR-0054","MSA-QR-2280068e-45c0-43f8-a5f6-d7b952c40149","GLASS","","1","1","{""building"":""Lucy Stone Storage Facility"",""room"":""Lucy Stone Storage Facility"",""shelf"":""Lucy Stone Storage Facility"",""bin"":""wooden crate 3""}","active","true","false","{""purchasePrice"":0,""currentValue"":0,""currency"":""USD""}","{}","","2025-11-14T21:59:49.095Z","2025-11-14T21:59:49.095Z","piece","good","[]","{}","","","{}","[]","7","",""
"d9a0bee4-50c4-4a43-ac97-f0168e91a7cd","","colored vases","colored vases is a glassware or vase. Stored in box black crate 3 at Lucy Stone Storage Facility.","MSA-0055","MSA-BAR-0055","MSA-QR-d9a0bee4-50c4-4a43-ac97-f0168e91a7cd","GLASS","","1","1","{""building"":""Lucy Stone Storage Facility"",""room"":""Lucy Stone Storage Facility"",""shelf"":""Lucy Stone Storage Facility"",""bin"":""black crate 3""}","active","true","false","{""purchasePrice"":0,""currentValue"":0,""currency"":""USD""}","{}","","2025-11-14T21:59:49.095Z","2025-11-14T21:59:49.095Z","piece","good","[]","{}","","","{}","[]","7","",""
"997887ac-34d3-47fe-9b33-a8942505adb6","","candleholders","candleholders is a glassware or vase. Stored in box black crate 3 at Lucy Stone Storage Facility.","MSA-0056","MSA-BAR-0056","MSA-QR-997887ac-34d3-47fe-9b33-a8942505adb6","GLASS","","1","1","{""building"":""Lucy Stone Storage Facility"",""room"":""Lucy Stone Storage Facility"",""shelf"":""Lucy Stone Storage Facility"",""bin"":""black crate 3""}","active","true","false","{""purchasePrice"":0,""currentValue"":0,""currency"":""USD""}","{}","","2025-11-14T21:59:49.095Z","2025-11-14T21:59:49.095Z","piece","good","[]","{}","","","{}","[]","7","",""
"0686abc1-fffc-4ab9-b853-92f435293aaa","","eid mubarak banner","eid mubarak banner is a event decor or ambiance accessory. Stored in box 4 at Lucy Stone Storage Facility.","MSA-0057","MSA-BAR-0057","MSA-QR-0686abc1-fffc-4ab9-b853-92f435293aaa","DECOR","","1","1","{""building"":""Lucy Stone Storage Facility"",""room"":""Lucy Stone Storage Facility"",""shelf"":""Lucy Stone Storage Facility"",""bin"":""4""}","active","true","false","{""purchasePrice"":0,""currentValue"":0,""currency"":""USD""}","{}","","2025-11-14T21:59:49.095Z","2025-11-14T21:59:49.095Z","piece","good","[]","{}","","","{}","[]","7","",""
"1e07e61e-c529-495e-82f4-b53e2004c5bd","","candy jars","candy jars is a glassware or vase. Stored in box clear box 14 at Lucy Stone Storage Facility.","MSA-0058","MSA-BAR-0058","MSA-QR-1e07e61e-c529-495e-82f4-b53e2004c5bd","GLASS","","1","1","{""building"":""Lucy Stone Storage Facility"",""room"":""Lucy Stone Storage Facility"",""shelf"":""Lucy Stone Storage Facility"",""bin"":""clear box 14""}","active","true","false","{""purchasePrice"":0,""currentValue"":0,""currency"":""USD""}","{}","","2025-11-14T21:59:49.095Z","2025-11-14T21:59:49.095Z","piece","good","[]","{}","","","{}","[]","7","",""
"88d779eb-633a-4803-9540-84bcee4661bd","","mic","mic is a electronics support gear. Stored in box 12 at Lucy Stone Storage Facility.","MSA-0059","MSA-BAR-0059","MSA-QR-88d779eb-633a-4803-9540-84bcee4661bd","ELECTRONICS","","1","1","{""building"":""Lucy Stone Storage Facility"",""room"":""Lucy Stone Storage Facility"",""shelf"":""Lucy Stone Storage Facility"",""bin"":""12""}","active","true","false","{""purchasePrice"":0,""currentValue"":0,""currency"":""USD""}","{}","","2025-11-14T21:59:49.095Z","2025-11-14T21:59:49.095Z","piece","good","[]","{}","","","{}","[]","7","",""
"7970cd9a-d9f4-43d2-bdcb-fa529d2ce6a2","","race flags","race flags is a event decor or ambiance accessory. Stored in box 4 at Lucy Stone Storage Facility.","MSA-0060","MSA-BAR-0060","MSA-QR-7970cd9a-d9f4-43d2-bdcb-fa529d2ce6a2","DECOR","","19","19","{""building"":""Lucy Stone Storage Facility"",""room"":""Lucy Stone Storage Facility"",""shelf"":""Lucy Stone Storage Facility"",""bin"":""4""}","active","true","false","{""purchasePrice"":0,""currentValue"":0,""currency"":""USD""}","{}","","2025-11-14T21:59:49.095Z","2025-11-14T21:59:49.095Z","piece","good","[]","{}","","","{}","[]","7","",""
"134f8cfe-0b4f-47d3-b4a2-c9ab253051f4","","toilet paper rolls","toilet paper rolls is a event decor or ambiance accessory. Stored in box 4 at Lucy Stone Storage Facility.","MSA-0061","MSA-BAR-0061","MSA-QR-134f8cfe-0b4f-47d3-b4a2-c9ab253051f4","DECOR","","1","1","{""building"":""Lucy Stone Storage Facility"",""room"":""Lucy Stone Storage Facility"",""shelf"":""Lucy Stone Storage Facility"",""bin"":""4""}","active","true","false","{""purchasePrice"":0,""currentValue"":0,""currency"":""USD""}","{}","","2025-11-14T21:59:49.095Z","2025-11-14T21:59:49.095Z","piece","good","[]","{}","","","{}","[]","7","",""
"928a5184-420d-4b03-8028-a5381c7e8467","","rubber duckies","rubber duckies is a event decor or ambiance accessory. Stored in box 4 at Lucy Stone Storage Facility.","MSA-0062","MSA-BAR-0062","MSA-QR-928a5184-420d-4b03-8028-a5381c7e8467","DECOR","","1","1","{""building"":""Lucy Stone Storage Facility"",""room"":""Lucy Stone Storage Facility"",""shelf"":""Lucy Stone Storage Facility"",""bin"":""4""}","active","true","false","{""purchasePrice"":0,""currentValue"":0,""currency"":""USD""}","{}","","2025-11-14T21:59:49.095Z","2025-11-14T21:59:49.095Z","piece","good","[]","{}","","","{}","[]","7","",""
"b952003e-0b70-4ffe-991a-c51a4ac07cc7","","yellow sunglasses","yellow sunglasses is a event decor or ambiance accessory. Stored in box 4 at Lucy Stone Storage Facility.","MSA-0063","MSA-BAR-0063","MSA-QR-b952003e-0b70-4ffe-991a-c51a4ac07cc7","DECOR","","1","1","{""building"":""Lucy Stone Storage Facility"",""room"":""Lucy Stone Storage Facility"",""shelf"":""Lucy Stone Storage Facility"",""bin"":""4""}","active","true","false","{""purchasePrice"":0,""currentValue"":0,""currency"":""USD""}","{}","","2025-11-14T21:59:49.095Z","2025-11-14T21:59:49.095Z","piece","good","[]","{}","","","{}","[]","7","",""
"5288d6bf-2c18-4be1-a675-ea32f735f006","","gold coins","gold coins is a event decor or ambiance accessory. Stored in box 4 at Lucy Stone Storage Facility.","MSA-0064","MSA-BAR-0064","MSA-QR-5288d6bf-2c18-4be1-a675-ea32f735f006","DECOR","","1","1","{""building"":""Lucy Stone Storage Facility"",""room"":""Lucy Stone Storage Facility"",""shelf"":""Lucy Stone Storage Facility"",""bin"":""4""}","active","true","false","{""purchasePrice"":0,""currentValue"":0,""currency"":""USD""}","{}","","2025-11-14T21:59:49.095Z","2025-11-14T21:59:49.095Z","piece","good","[]","{}","","","{}","[]","7","",""
"ddc3c32b-da03-4d70-9616-ee96d5b6e84f","","balloon pumps","balloon pumps is a maintenance or hardware tool. Stored in box 4 at Lucy Stone Storage Facility.","MSA-0065","MSA-BAR-0065","MSA-QR-ddc3c32b-da03-4d70-9616-ee96d5b6e84f","TOOLS","","2","2","{""building"":""Lucy Stone Storage Facility"",""room"":""Lucy Stone Storage Facility"",""shelf"":""Lucy Stone Storage Facility"",""bin"":""4""}","active","true","false","{""purchasePrice"":0,""currentValue"":0,""currency"":""USD""}","{}","","2025-11-14T21:59:49.095Z","2025-11-14T21:59:49.095Z","piece","good","[]","{}","","","{}","[]","7","",""
"095b74bb-c3d7-4a9f-803c-f0a9cf69772c","","assorted balloons","assorted balloons is a event decor or ambiance accessory. Stored in box 4 at Lucy Stone Storage Facility.","MSA-0066","MSA-BAR-0066","MSA-QR-095b74bb-c3d7-4a9f-803c-f0a9cf69772c","DECOR","","1","1","{""building"":""Lucy Stone Storage Facility"",""room"":""Lucy Stone Storage Facility"",""shelf"":""Lucy Stone Storage Facility"",""bin"":""4""}","active","true","false","{""purchasePrice"":0,""currentValue"":0,""currency"":""USD""}","{}","","2025-11-14T21:59:49.095Z","2025-11-14T21:59:49.095Z","piece","good","[]","{}","","","{}","[]","7","",""
"571f8783-1463-412c-ba3f-950f0f54367c","","brick backdrop","brick backdrop is a photo backdrop or display panel. Stored in box clear box 15 at Lucy Stone Storage Facility.","MSA-0067","MSA-BAR-0067","MSA-QR-571f8783-1463-412c-ba3f-950f0f54367c","BACKDROP","","1","1","{""building"":""Lucy Stone Storage Facility"",""room"":""Lucy Stone Storage Facility"",""shelf"":""Lucy Stone Storage Facility"",""bin"":""clear box 15""}","active","true","false","{""purchasePrice"":0,""currentValue"":0,""currency"":""USD""}","{}","","2025-11-14T21:59:49.095Z","2025-11-14T21:59:49.095Z","piece","good","[]","{}","","","{}","[]","7","",""
"5ab8bc74-d7f9-406b-846a-19c4baedddb6","","arabian night backdrop","arabian night backdrop is a photo backdrop or display panel. Stored in box clear box 15 at Lucy Stone Storage Facility.","MSA-0068","MSA-BAR-0068","MSA-QR-5ab8bc74-d7f9-406b-846a-19c4baedddb6","BACKDROP","","1","1","{""building"":""Lucy Stone Storage Facility"",""room"":""Lucy Stone Storage Facility"",""shelf"":""Lucy Stone Storage Facility"",""bin"":""clear box 15""}","active","true","false","{""purchasePrice"":0,""currentValue"":0,""currency"":""USD""}","{}","","2025-11-14T21:59:49.095Z","2025-11-14T21:59:49.095Z","piece","good","[]","{}","","","{}","[]","7","",""
"305797fe-0dc8-4a13-97cc-4966c707dd6b","","space backdrop","space backdrop is a photo backdrop or display panel. Stored in box clear box 15 at Lucy Stone Storage Facility.","MSA-0069","MSA-BAR-0069","MSA-QR-305797fe-0dc8-4a13-97cc-4966c707dd6b","BACKDROP","","2","2","{""building"":""Lucy Stone Storage Facility"",""room"":""Lucy Stone Storage Facility"",""shelf"":""Lucy Stone Storage Facility"",""bin"":""clear box 15""}","active","true","false","{""purchasePrice"":0,""currentValue"":0,""currency"":""USD""}","{}","","2025-11-14T21:59:49.095Z","2025-11-14T21:59:49.095Z","piece","good","[]","{}","","","{}","[]","7","",""
"89ca0cef-4ff4-48b6-9cce-2e87ce8c96d8","","green paper roll","green paper roll is a stationery or paper supply. Stored in box 4 at Lucy Stone Storage Facility.","MSA-0070","MSA-BAR-0070","MSA-QR-89ca0cef-4ff4-48b6-9cce-2e87ce8c96d8","STATIONARY","","1","1","{""building"":""Lucy Stone Storage Facility"",""room"":""Lucy Stone Storage Facility"",""shelf"":""Lucy Stone Storage Facility"",""bin"":""4""}","active","true","false","{""purchasePrice"":0,""currentValue"":0,""currency"":""USD""}","{}","","2025-11-14T21:59:49.095Z","2025-11-14T21:59:49.095Z","piece","good","[]","{}","","","{}","[]","7","",""
"4d0c70df-fc73-4e7f-aa8a-ee4ca71d4672","","beach ball","beach ball is a event decor or ambiance accessory. Stored in box 4 at Lucy Stone Storage Facility.","MSA-0071","MSA-BAR-0071","MSA-QR-4d0c70df-fc73-4e7f-aa8a-ee4ca71d4672","DECOR","","9","9","{""building"":""Lucy Stone Storage Facility"",""room"":""Lucy Stone Storage Facility"",""shelf"":""Lucy Stone Storage Facility"",""bin"":""4""}","active","true","false","{""purchasePrice"":0,""currentValue"":0,""currency"":""USD""}","{}","","2025-11-14T21:59:49.095Z","2025-11-14T21:59:49.095Z","piece","good","[]","{}","","","{}","[]","7","",""
"54e7b0ca-6c78-4636-a6bd-b4807fda4a1d","","racetrack runner","racetrack runner is a event decor or ambiance accessory. Stored in box clear box 15 at Lucy Stone Storage Facility.","MSA-0072","MSA-BAR-0072","MSA-QR-54e7b0ca-6c78-4636-a6bd-b4807fda4a1d","DECOR","","1","1","{""building"":""Lucy Stone Storage Facility"",""room"":""Lucy Stone Storage Facility"",""shelf"":""Lucy Stone Storage Facility"",""bin"":""clear box 15""}","active","true","false","{""purchasePrice"":0,""currentValue"":0,""currency"":""USD""}","{}","","2025-11-14T21:59:49.095Z","2025-11-14T21:59:49.095Z","piece","good","[]","{}","","","{}","[]","7","",""
"0f32a102-6ed3-46b3-8ae3-4f25c8a826e2","","race checkered backdrop","race checkered backdrop is a photo backdrop or display panel. Stored in box clear box 15 at Lucy Stone Storage Facility.","MSA-0073","MSA-BAR-0073","MSA-QR-0f32a102-6ed3-46b3-8ae3-4f25c8a826e2","BACKDROP","","1","1","{""building"":""Lucy Stone Storage Facility"",""room"":""Lucy Stone Storage Facility"",""shelf"":""Lucy Stone Storage Facility"",""bin"":""clear box 15""}","active","true","false","{""purchasePrice"":0,""currentValue"":0,""currency"":""USD""}","{}","","2025-11-14T21:59:49.095Z","2025-11-14T21:59:49.095Z","piece","good","[]","{}","","","{}","[]","7","",""
"bb4482eb-ce2b-4002-8af0-44735a78ade1","","mario backdrop","mario backdrop is a photo backdrop or display panel. Stored in box clear box 15 at Lucy Stone Storage Facility.","MSA-0074","MSA-BAR-0074","MSA-QR-bb4482eb-ce2b-4002-8af0-44735a78ade1","BACKDROP","","1","1","{""building"":""Lucy Stone Storage Facility"",""room"":""Lucy Stone Storage Facility"",""shelf"":""Lucy Stone Storage Facility"",""bin"":""clear box 15""}","active","true","false","{""purchasePrice"":0,""currentValue"":0,""currency"":""USD""}","{}","","2025-11-14T21:59:49.095Z","2025-11-14T21:59:49.095Z","piece","good","[]","{}","","","{}","[]","7","",""
"c4bfe52a-dd92-4d4b-82b3-686c7758ca76","","mugshot backdrop","mugshot backdrop is a photo backdrop or display panel. Stored in box clear box 15 at Lucy Stone Storage Facility.","MSA-0075","MSA-BAR-0075","MSA-QR-c4bfe52a-dd92-4d4b-82b3-686c7758ca76","BACKDROP","","1","1","{""building"":""Lucy Stone Storage Facility"",""room"":""Lucy Stone Storage Facility"",""shelf"":""Lucy Stone Storage Facility"",""bin"":""clear box 15""}","active","true","false","{""purchasePrice"":0,""currentValue"":0,""currency"":""USD""}","{}","","2025-11-14T21:59:49.095Z","2025-11-14T21:59:49.095Z","piece","good","[]","{}","","","{}","[]","7","",""
"fc33f568-4914-4907-b021-cc35b9e45479","","island backdrop","island backdrop is a photo backdrop or display panel. Stored in box clear box 15 at Lucy Stone Storage Facility.","MSA-0076","MSA-BAR-0076","MSA-QR-fc33f568-4914-4907-b021-cc35b9e45479","BACKDROP","","1","1","{""building"":""Lucy Stone Storage Facility"",""room"":""Lucy Stone Storage Facility"",""shelf"":""Lucy Stone Storage Facility"",""bin"":""clear box 15""}","active","true","false","{""purchasePrice"":0,""currentValue"":0,""currency"":""USD""}","{}","","2025-11-14T21:59:49.095Z","2025-11-14T21:59:49.095Z","piece","good","[]","{}","","","{}","[]","7","",""
"2a2beb89-6a9b-4085-bc86-666844cfc7cb","","map backdrop","map backdrop is a photo backdrop or display panel. Stored in box clear box 15 at Lucy Stone Storage Facility.","MSA-0077","MSA-BAR-0077","MSA-QR-2a2beb89-6a9b-4085-bc86-666844cfc7cb","BACKDROP","","1","1","{""building"":""Lucy Stone Storage Facility"",""room"":""Lucy Stone Storage Facility"",""shelf"":""Lucy Stone Storage Facility"",""bin"":""clear box 15""}","active","true","false","{""purchasePrice"":0,""currentValue"":0,""currency"":""USD""}","{}","","2025-11-14T21:59:49.095Z","2025-11-14T21:59:49.095Z","piece","good","[]","{}","","","{}","[]","7","",""
"5f5c302a-8fe6-4d24-98ac-e676d7199bc7","","harry potter backdrop","harry potter backdrop is a photo backdrop or display panel. Stored in box clear box 15 at Lucy Stone Storage Facility.","MSA-0078","MSA-BAR-0078","MSA-QR-5f5c302a-8fe6-4d24-98ac-e676d7199bc7","BACKDROP","","1","1","{""building"":""Lucy Stone Storage Facility"",""room"":""Lucy Stone Storage Facility"",""shelf"":""Lucy Stone Storage Facility"",""bin"":""clear box 15""}","active","true","false","{""purchasePrice"":0,""currentValue"":0,""currency"":""USD""}","{}","","2025-11-14T21:59:49.095Z","2025-11-14T21:59:49.095Z","piece","good","[]","{}","","","{}","[]","7","",""
"9fb6993e-3eb9-424e-aba7-4c136dd447d2","","r2r neon sign","r2r neon sign is a event decor or ambiance accessory. Stored in box 4 at Lucy Stone Storage Facility.","MSA-0079","MSA-BAR-0079","MSA-QR-9fb6993e-3eb9-424e-aba7-4c136dd447d2","DECOR","","1","1","{""building"":""Lucy Stone Storage Facility"",""room"":""Lucy Stone Storage Facility"",""shelf"":""Lucy Stone Storage Facility"",""bin"":""4""}","active","true","false","{""purchasePrice"":0,""currentValue"":0,""currency"":""USD""}","{}","","2025-11-14T21:59:49.095Z","2025-11-14T21:59:49.095Z","piece","good","[]","{}","","","{}","[]","7","",""
"1b7b73e9-8c76-45eb-8a08-58ae28b8a1ea","","tripod","tripod is a electronics support gear. Stored in box 12 at Lucy Stone Storage Facility.","MSA-0080","MSA-BAR-0080","MSA-QR-1b7b73e9-8c76-45eb-8a08-58ae28b8a1ea","ELECTRONICS","","1","1","{""building"":""Lucy Stone Storage Facility"",""room"":""Lucy Stone Storage Facility"",""shelf"":""Lucy Stone Storage Facility"",""bin"":""12""}","active","true","false","{""purchasePrice"":0,""currentValue"":0,""currency"":""USD""}","{}","","2025-11-14T21:59:49.095Z","2025-11-14T21:59:49.095Z","piece","good","[]","{}","","","{}","[]","7","",""
"145295aa-6523-45b3-96e6-1c11a66efb69","","mic stand","mic stand is a electronics support gear. Stored in box 12 at Lucy Stone Storage Facility.","MSA-0081","MSA-BAR-0081","MSA-QR-145295aa-6523-45b3-96e6-1c11a66efb69","ELECTRONICS","","1","1","{""building"":""Lucy Stone Storage Facility"",""room"":""Lucy Stone Storage Facility"",""shelf"":""Lucy Stone Storage Facility"",""bin"":""12""}","active","true","false","{""purchasePrice"":0,""currentValue"":0,""currency"":""USD""}","{}","","2025-11-14T21:59:49.095Z","2025-11-14T21:59:49.095Z","piece","good","[]","{}","","","{}","[]","7","",""
"0b0d9bd5-be3e-4045-9032-1535dde0c2ba","","white paper roll","white paper roll is a stationery or paper supply. Stored in box 4 at Lucy Stone Storage Facility.","MSA-0082","MSA-BAR-0082","MSA-QR-0b0d9bd5-be3e-4045-9032-1535dde0c2ba","STATIONARY","","1","1","{""building"":""Lucy Stone Storage Facility"",""room"":""Lucy Stone Storage Facility"",""shelf"":""Lucy Stone Storage Facility"",""bin"":""4""}","active","true","false","{""purchasePrice"":0,""currentValue"":0,""currency"":""USD""}","{}","","2025-11-14T21:59:49.095Z","2025-11-14T21:59:49.095Z","piece","good","[]","{}","","","{}","[]","7","",""
"e9340d5e-28ad-4622-b213-4c641a05c9f1","","suitcase 3 pack","suitcase 3 pack is a event decor or ambiance accessory. Stored in box 4 at Lucy Stone Storage Facility.","MSA-0083","MSA-BAR-0083","MSA-QR-e9340d5e-28ad-4622-b213-4c641a05c9f1","DECOR","","1","1","{""building"":""Lucy Stone Storage Facility"",""room"":""Lucy Stone Storage Facility"",""shelf"":""Lucy Stone Storage Facility"",""bin"":""4""}","active","true","false","{""purchasePrice"":0,""currentValue"":0,""currency"":""USD""}","{}","","2025-11-14T21:59:49.095Z","2025-11-14T21:59:49.095Z","piece","good","[]","{}","","","{}","[]","7","",""
"ca3a691a-a670-40a0-b74b-da2c9c20e903","","red curtains","red curtains is a photo backdrop or display panel. Stored in box clear box 15 at Lucy Stone Storage Facility.","MSA-0084","MSA-BAR-0084","MSA-QR-ca3a691a-a670-40a0-b74b-da2c9c20e903","BACKDROP","","2","2","{""building"":""Lucy Stone Storage Facility"",""room"":""Lucy Stone Storage Facility"",""shelf"":""Lucy Stone Storage Facility"",""bin"":""clear box 15""}","active","true","false","{""purchasePrice"":0,""currentValue"":0,""currency"":""USD""}","{}","","2025-11-14T21:59:49.095Z","2025-11-14T21:59:49.095Z","piece","good","[]","{}","","","{}","[]","7","",""
"ccbd7cf0-51f9-4557-a0bb-df1c37126f5c","","jenga","jenga is a activity or team-building game. Stored in box 8 at Lucy Stone Storage Facility.","MSA-0085","MSA-BAR-0085","MSA-QR-ccbd7cf0-51f9-4557-a0bb-df1c37126f5c","GAME","","1","1","{""building"":""Lucy Stone Storage Facility"",""room"":""Lucy Stone Storage Facility"",""shelf"":""Lucy Stone Storage Facility"",""bin"":""8""}","active","true","false","{""purchasePrice"":0,""currentValue"":0,""currency"":""USD""}","{}","","2025-11-14T21:59:49.095Z","2025-11-14T21:59:49.095Z","piece","good","[]","{}","","","{}","[]","7","",""
"1ed3dfec-7001-473a-8f49-9d507319ae08","","monopoly","monopoly is a activity or team-building game. Stored in box 8 at Lucy Stone Storage Facility.","MSA-0086","MSA-BAR-0086","MSA-QR-1ed3dfec-7001-473a-8f49-9d507319ae08","GAME","","1","1","{""building"":""Lucy Stone Storage Facility"",""room"":""Lucy Stone Storage Facility"",""shelf"":""Lucy Stone Storage Facility"",""bin"":""8""}","active","true","false","{""purchasePrice"":0,""currentValue"":0,""currency"":""USD""}","{}","","2025-11-14T21:59:49.095Z","2025-11-14T21:59:49.095Z","piece","good","[]","{}","","","{}","[]","7","",""
"a865f9c5-83cb-4d20-97fa-7db0cd7b007e","","potato sacks","potato sacks is a activity or team-building game. Stored in box 8 at Lucy Stone Storage Facility.","MSA-0087","MSA-BAR-0087","MSA-QR-a865f9c5-83cb-4d20-97fa-7db0cd7b007e","GAME","","1","1","{""building"":""Lucy Stone Storage Facility"",""room"":""Lucy Stone Storage Facility"",""shelf"":""Lucy Stone Storage Facility"",""bin"":""8""}","active","true","false","{""purchasePrice"":0,""currentValue"":0,""currency"":""USD""}","{}","","2025-11-14T21:59:49.095Z","2025-11-14T21:59:49.095Z","piece","good","[]","{}","","","{}","[]","7","",""
"8345f165-5714-46fd-ad4a-7d0fddfb356e","","copper wire","copper wire is a maintenance or hardware tool. Stored in box 4 at Lucy Stone Storage Facility.","MSA-0088","MSA-BAR-0088","MSA-QR-8345f165-5714-46fd-ad4a-7d0fddfb356e","TOOLS","","1","1","{""building"":""Lucy Stone Storage Facility"",""room"":""Lucy Stone Storage Facility"",""shelf"":""Lucy Stone Storage Facility"",""bin"":""4""}","active","true","false","{""purchasePrice"":0,""currentValue"":0,""currency"":""USD""}","{}","","2025-11-14T21:59:49.095Z","2025-11-14T21:59:49.095Z","piece","good","[]","{}","","","{}","[]","7","",""
"635425f9-0ff1-4252-9b88-898aaf444aa4","","ring toss","ring toss is a activity or team-building game. Stored in box 8 at Lucy Stone Storage Facility.","MSA-0089","MSA-BAR-0089","MSA-QR-635425f9-0ff1-4252-9b88-898aaf444aa4","GAME","","1","1","{""building"":""Lucy Stone Storage Facility"",""room"":""Lucy Stone Storage Facility"",""shelf"":""Lucy Stone Storage Facility"",""bin"":""8""}","active","true","false","{""purchasePrice"":0,""currentValue"":0,""currency"":""USD""}","{}","","2025-11-14T21:59:49.095Z","2025-11-14T21:59:49.095Z","piece","good","[]","{}","","","{}","[]","7","",""
"91f708e8-fcdf-43b2-bb3b-6dbc7791f812","","easel stands","easel stands is a event decor or ambiance accessory. Stored in box 5 at Lucy Stone Storage Facility.","MSA-0090","MSA-BAR-0090","MSA-QR-91f708e8-fcdf-43b2-bb3b-6dbc7791f812","DECOR","","1","1","{""building"":""Lucy Stone Storage Facility"",""room"":""Lucy Stone Storage Facility"",""shelf"":""Lucy Stone Storage Facility"",""bin"":""5""}","active","true","false","{""purchasePrice"":0,""currentValue"":0,""currency"":""USD""}","{}","","2025-11-14T21:59:49.095Z","2025-11-14T21:59:49.095Z","piece","good","[]","{}","","","{}","[]","7","",""
"4a5d7576-49c1-4656-b833-ad147645f57d","","prayer mats","prayer mats is a event decor or ambiance accessory. Stored in box 7 at Lucy Stone Storage Facility.","MSA-0091","MSA-BAR-0091","MSA-QR-4a5d7576-49c1-4656-b833-ad147645f57d","DECOR","","15","15","{""building"":""Lucy Stone Storage Facility"",""room"":""Lucy Stone Storage Facility"",""shelf"":""Lucy Stone Storage Facility"",""bin"":""7""}","active","true","false","{""purchasePrice"":0,""currentValue"":0,""currency"":""USD""}","{}","","2025-11-14T21:59:49.095Z","2025-11-14T21:59:49.095Z","piece","good","[]","{}","","","{}","[]","7","",""
"80bffc06-7a75-4c41-a160-4a76c8da58f2","","gold circle arch stand","gold circle arch stand is a event decor or ambiance accessory. Stored in box 5 at Lucy Stone Storage Facility.","MSA-0092","MSA-BAR-0092","MSA-QR-80bffc06-7a75-4c41-a160-4a76c8da58f2","DECOR","","1","1","{""building"":""Lucy Stone Storage Facility"",""room"":""Lucy Stone Storage Facility"",""shelf"":""Lucy Stone Storage Facility"",""bin"":""5""}","active","true","false","{""purchasePrice"":0,""currentValue"":0,""currency"":""USD""}","{}","","2025-11-14T21:59:49.095Z","2025-11-14T21:59:49.095Z","piece","good","[]","{}","","","{}","[]","7","",""
"8476398c-8b4b-4684-b7e9-266f96bfdb69","","plastic drop cloth/tarp","plastic drop cloth/tarp is a serving or dining utensil. Stored in box 2 at Lucy Stone Storage Facility.","MSA-0093","MSA-BAR-0093","MSA-QR-8476398c-8b4b-4684-b7e9-266f96bfdb69","UTENSILS","","2","2","{""building"":""Lucy Stone Storage Facility"",""room"":""Lucy Stone Storage Facility"",""shelf"":""Lucy Stone Storage Facility"",""bin"":""2""}","active","true","false","{""purchasePrice"":0,""currentValue"":0,""currency"":""USD""}","{}","","2025-11-14T21:59:49.095Z","2025-11-14T21:59:49.095Z","piece","good","[]","{}","","","{}","[]","7","",""
"c75d5615-e04e-4d85-ac7b-80ec74ffc29f","","satin table runners (gold)","satin table runners (gold) is a event decor or ambiance accessory. Stored in box 7 at Lucy Stone Storage Facility.","MSA-0094","MSA-BAR-0094","MSA-QR-c75d5615-e04e-4d85-ac7b-80ec74ffc29f","DECOR","","5","5","{""building"":""Lucy Stone Storage Facility"",""room"":""Lucy Stone Storage Facility"",""shelf"":""Lucy Stone Storage Facility"",""bin"":""7""}","active","true","false","{""purchasePrice"":0,""currentValue"":0,""currency"":""USD""}","{}","","2025-11-14T21:59:49.095Z","2025-11-14T21:59:49.095Z","piece","good","[]","{}","","","{}","[]","7","",""
"3fd6f6ba-7224-4aaf-bc8f-90b0fa71afda","","satin table runners (purple)","satin table runners (purple) is a event decor or ambiance accessory. Stored in box 7 at Lucy Stone Storage Facility.","MSA-0095","MSA-BAR-0095","MSA-QR-3fd6f6ba-7224-4aaf-bc8f-90b0fa71afda","DECOR","","5","5","{""building"":""Lucy Stone Storage Facility"",""room"":""Lucy Stone Storage Facility"",""shelf"":""Lucy Stone Storage Facility"",""bin"":""7""}","active","true","false","{""purchasePrice"":0,""currentValue"":0,""currency"":""USD""}","{}","","2025-11-14T21:59:49.095Z","2025-11-14T21:59:49.095Z","piece","good","[]","{}","","","{}","[]","7","",""
"578c762d-88b2-45f8-aaca-702ec85edb68","","satin table runners (teal)","satin table runners (teal) is a event decor or ambiance accessory. Stored in box 7 at Lucy Stone Storage Facility.","MSA-0096","MSA-BAR-0096","MSA-QR-578c762d-88b2-45f8-aaca-702ec85edb68","DECOR","","7","7","{""building"":""Lucy Stone Storage Facility"",""room"":""Lucy Stone Storage Facility"",""shelf"":""Lucy Stone Storage Facility"",""bin"":""7""}","active","true","false","{""purchasePrice"":0,""currentValue"":0,""currency"":""USD""}","{}","","2025-11-14T21:59:49.095Z","2025-11-14T21:59:49.095Z","piece","good","[]","{}","","","{}","[]","7","",""
"9dd1732a-68e2-49c1-bfb9-c9861e6035cb","","crinkle table runners (white)","crinkle table runners (white) is a event decor or ambiance accessory. Stored in box 7 at Lucy Stone Storage Facility.","MSA-0097","MSA-BAR-0097","MSA-QR-9dd1732a-68e2-49c1-bfb9-c9861e6035cb","DECOR","","3","3","{""building"":""Lucy Stone Storage Facility"",""room"":""Lucy Stone Storage Facility"",""shelf"":""Lucy Stone Storage Facility"",""bin"":""7""}","active","true","false","{""purchasePrice"":0,""currentValue"":0,""currency"":""USD""}","{}","","2025-11-14T21:59:49.095Z","2025-11-14T21:59:49.095Z","piece","good","[]","{}","","","{}","[]","7","",""
"b399277b-98de-41e7-9ea9-6389b8951f81","","crinkle table runners (pink)","crinkle table runners (pink) is a event decor or ambiance accessory. Stored in box 7 at Lucy Stone Storage Facility.","MSA-0098","MSA-BAR-0098","MSA-QR-b399277b-98de-41e7-9ea9-6389b8951f81","DECOR","","2","2","{""building"":""Lucy Stone Storage Facility"",""room"":""Lucy Stone Storage Facility"",""shelf"":""Lucy Stone Storage Facility"",""bin"":""7""}","active","true","false","{""purchasePrice"":0,""currentValue"":0,""currency"":""USD""}","{}","","2025-11-14T21:59:49.095Z","2025-11-14T21:59:49.095Z","piece","good","[]","{}","","","{}","[]","7","",""
"79d50e0a-e665-4971-944c-249b583fd6ae","","lavender drape","lavender drape is a event decor or ambiance accessory. Stored in box 7 at Lucy Stone Storage Facility.","MSA-0099","MSA-BAR-0099","MSA-QR-79d50e0a-e665-4971-944c-249b583fd6ae","DECOR","","1","1","{""building"":""Lucy Stone Storage Facility"",""room"":""Lucy Stone Storage Facility"",""shelf"":""Lucy Stone Storage Facility"",""bin"":""7""}","active","true","false","{""purchasePrice"":0,""currentValue"":0,""currency"":""USD""}","{}","","2025-11-14T21:59:49.095Z","2025-11-14T21:59:49.095Z","piece","good","[]","{}","","","{}","[]","7","",""
"d051f62b-ff6c-4b1d-ab40-afbfca44c453","","navy table runner","navy table runner is a event decor or ambiance accessory. Stored in box 7 at Lucy Stone Storage Facility.","MSA-0100","MSA-BAR-0100","MSA-QR-d051f62b-ff6c-4b1d-ab40-afbfca44c453","DECOR","","1","1","{""building"":""Lucy Stone Storage Facility"",""room"":""Lucy Stone Storage Facility"",""shelf"":""Lucy Stone Storage Facility"",""bin"":""7""}","active","true","false","{""purchasePrice"":0,""currentValue"":0,""currency"":""USD""}","{}","","2025-11-14T21:59:49.095Z","2025-11-14T21:59:49.095Z","piece","good","[]","{}","","","{}","[]","7","",""
"716d36ef-f5e6-4e10-b6c6-07fac1bec858","","popcorn bags","popcorn bags is a general-purpose inventory item. Stored in box 2 at Lucy Stone Storage Facility.","MSA-0101","MSA-BAR-0101","MSA-QR-716d36ef-f5e6-4e10-b6c6-07fac1bec858","MISC","","1","1","{""building"":""Lucy Stone Storage Facility"",""room"":""Lucy Stone Storage Facility"",""shelf"":""Lucy Stone Storage Facility"",""bin"":""2""}","active","true","false","{""purchasePrice"":0,""currentValue"":0,""currency"":""USD""}","{}","","2025-11-14T21:59:49.095Z","2025-11-14T21:59:49.095Z","piece","good","[]","{}","","","{}","[]","7","",""
"754de5b2-f2e4-4399-820f-5fdf1c8a467b","","treasure chest decor","treasure chest decor is a event decor or ambiance accessory. Stored in box 4 at Lucy Stone Storage Facility.","MSA-0102","MSA-BAR-0102","MSA-QR-754de5b2-f2e4-4399-820f-5fdf1c8a467b","DECOR","","1","1","{""building"":""Lucy Stone Storage Facility"",""room"":""Lucy Stone Storage Facility"",""shelf"":""Lucy Stone Storage Facility"",""bin"":""4""}","active","true","false","{""purchasePrice"":0,""currentValue"":0,""currency"":""USD""}","{}","","2025-11-14T21:59:49.095Z","2025-11-14T21:59:49.095Z","piece","good","[]","{}","","","{}","[]","7","",""
"ec8c7bd9-3076-430a-bb03-7d51af9e47be","","wristbands","wristbands is a general-purpose inventory item. Stored in box drawer at Lucy Stone Storage Facility.","MSA-0103","MSA-BAR-0103","MSA-QR-ec8c7bd9-3076-430a-bb03-7d51af9e47be","MISC","","1","1","{""building"":""Lucy Stone Storage Facility"",""room"":""Lucy Stone Storage Facility"",""shelf"":""Lucy Stone Storage Facility"",""bin"":""drawer""}","active","true","false","{""purchasePrice"":0,""currentValue"":0,""currency"":""USD""}","{}","","2025-11-14T21:59:49.095Z","2025-11-14T21:59:49.095Z","piece","good","[]","{}","","","{}","[]","7","",""
"8c582d47-e419-4301-9836-d497a8b881e0","","treat bags","treat bags is a general-purpose inventory item. Stored in box drawer at Lucy Stone Storage Facility.","MSA-0104","MSA-BAR-0104","MSA-QR-8c582d47-e419-4301-9836-d497a8b881e0","MISC","","1","1","{""building"":""Lucy Stone Storage Facility"",""room"":""Lucy Stone Storage Facility"",""shelf"":""Lucy Stone Storage Facility"",""bin"":""drawer""}","active","true","false","{""purchasePrice"":0,""currentValue"":0,""currency"":""USD""}","{}","","2025-11-14T21:59:49.095Z","2025-11-14T21:59:49.095Z","piece","good","[]","{}","","","{}","[]","7","",""
"db7cb17f-13a3-4d56-8275-3ed9b7ed34a6","","green tickets","green tickets is a general-purpose inventory item. Stored in box drawer at Lucy Stone Storage Facility.","MSA-0105","MSA-BAR-0105","MSA-QR-db7cb17f-13a3-4d56-8275-3ed9b7ed34a6","MISC","","1","1","{""building"":""Lucy Stone Storage Facility"",""room"":""Lucy Stone Storage Facility"",""shelf"":""Lucy Stone Storage Facility"",""bin"":""drawer""}","active","true","false","{""purchasePrice"":0,""currentValue"":0,""currency"":""USD""}","{}","","2025-11-14T21:59:49.095Z","2025-11-14T21:59:49.095Z","piece","good","[]","{}","","","{}","[]","7","",""
"d3a71032-f80c-4474-a46c-0244162127bb","","name tags w/ lanyards","name tags w/ lanyards is a general-purpose inventory item. Stored in box drawer at Lucy Stone Storage Facility.","MSA-0106","MSA-BAR-0106","MSA-QR-d3a71032-f80c-4474-a46c-0244162127bb","MISC","","1","1","{""building"":""Lucy Stone Storage Facility"",""room"":""Lucy Stone Storage Facility"",""shelf"":""Lucy Stone Storage Facility"",""bin"":""drawer""}","active","true","false","{""purchasePrice"":0,""currentValue"":0,""currency"":""USD""}","{}","","2025-11-14T21:59:49.095Z","2025-11-14T21:59:49.095Z","piece","good","[]","{}","","","{}","[]","7","",""
"93537063-0c46-43a5-bfd7-5674b4fdb6e4","","dry erase boards w/ markers","dry erase boards w/ markers is a general-purpose inventory item. Stored in box drawer at Lucy Stone Storage Facility.","MSA-0107","MSA-BAR-0107","MSA-QR-93537063-0c46-43a5-bfd7-5674b4fdb6e4","MISC","","15","15","{""building"":""Lucy Stone Storage Facility"",""room"":""Lucy Stone Storage Facility"",""shelf"":""Lucy Stone Storage Facility"",""bin"":""drawer""}","active","true","false","{""purchasePrice"":0,""currentValue"":0,""currency"":""USD""}","{}","","2025-11-14T21:59:49.095Z","2025-11-14T21:59:49.095Z","piece","good","[]","{}","","","{}","[]","7","",""
"aade2810-f049-4fb8-b8ae-06772dfaea5d","","sticker labels","sticker labels is a general-purpose inventory item. Stored in box drawer at Lucy Stone Storage Facility.","MSA-0108","MSA-BAR-0108","MSA-QR-aade2810-f049-4fb8-b8ae-06772dfaea5d","MISC","","1","1","{""building"":""Lucy Stone Storage Facility"",""room"":""Lucy Stone Storage Facility"",""shelf"":""Lucy Stone Storage Facility"",""bin"":""drawer""}","active","true","false","{""purchasePrice"":0,""currentValue"":0,""currency"":""USD""}","{}","","2025-11-14T21:59:49.095Z","2025-11-14T21:59:49.095Z","piece","good","[]","{}","","","{}","[]","7","",""
"ab20ef79-da0f-4ec3-8bfc-625a69fad56a","","pot hooks","pot hooks is a general-purpose inventory item. Stored in box drawer at Lucy Stone Storage Facility.","MSA-0109","MSA-BAR-0109","MSA-QR-ab20ef79-da0f-4ec3-8bfc-625a69fad56a","MISC","","8","8","{""building"":""Lucy Stone Storage Facility"",""room"":""Lucy Stone Storage Facility"",""shelf"":""Lucy Stone Storage Facility"",""bin"":""drawer""}","active","true","false","{""purchasePrice"":0,""currentValue"":0,""currency"":""USD""}","{}","","2025-11-14T21:59:49.095Z","2025-11-14T21:59:49.095Z","piece","good","[]","{}","","","{}","[]","7","",""
"e136f5c5-3ece-4bd6-b529-b891da711be4","","construction paper","construction paper is a general-purpose inventory item. Stored in box drawer at Lucy Stone Storage Facility.","MSA-0110","MSA-BAR-0110","MSA-QR-e136f5c5-3ece-4bd6-b529-b891da711be4","MISC","","1","1","{""building"":""Lucy Stone Storage Facility"",""room"":""Lucy Stone Storage Facility"",""shelf"":""Lucy Stone Storage Facility"",""bin"":""drawer""}","active","true","false","{""purchasePrice"":0,""currentValue"":0,""currency"":""USD""}","{}","","2025-11-14T21:59:49.095Z","2025-11-14T21:59:49.095Z","piece","good","[]","{}","","","{}","[]","7","",""
"dde9a6ef-efe6-482a-bada-ec5962653b1f","","copy paper","copy paper is a general-purpose inventory item. Stored in box drawer at Lucy Stone Storage Facility.","MSA-0111","MSA-BAR-0111","MSA-QR-dde9a6ef-efe6-482a-bada-ec5962653b1f","MISC","","1","1","{""building"":""Lucy Stone Storage Facility"",""room"":""Lucy Stone Storage Facility"",""shelf"":""Lucy Stone Storage Facility"",""bin"":""drawer""}","active","true","false","{""purchasePrice"":0,""currentValue"":0,""currency"":""USD""}","{}","","2025-11-14T21:59:49.095Z","2025-11-14T21:59:49.095Z","piece","good","[]","{}","","","{}","[]","7","",""
"60cff037-320e-40b0-a307-aa5b5e158ee4","","streamers","streamers is a general-purpose inventory item. Stored in box drawer at Lucy Stone Storage Facility.","MSA-0112","MSA-BAR-0112","MSA-QR-60cff037-320e-40b0-a307-aa5b5e158ee4","MISC","","1","1","{""building"":""Lucy Stone Storage Facility"",""room"":""Lucy Stone Storage Facility"",""shelf"":""Lucy Stone Storage Facility"",""bin"":""drawer""}","active","true","false","{""purchasePrice"":0,""currentValue"":0,""currency"":""USD""}","{}","","2025-11-14T21:59:49.095Z","2025-11-14T21:59:49.095Z","piece","good","[]","{}","","","{}","[]","7","",""
"13e1b530-a00e-47c2-80e3-9f48560ec5f2","","scissors","scissors is a general-purpose inventory item. Stored in box drawer at Lucy Stone Storage Facility.","MSA-0113","MSA-BAR-0113","MSA-QR-13e1b530-a00e-47c2-80e3-9f48560ec5f2","MISC","","9","9","{""building"":""Lucy Stone Storage Facility"",""room"":""Lucy Stone Storage Facility"",""shelf"":""Lucy Stone Storage Facility"",""bin"":""drawer""}","active","true","false","{""purchasePrice"":0,""currentValue"":0,""currency"":""USD""}","{}","","2025-11-14T21:59:49.095Z","2025-11-14T21:59:49.095Z","piece","good","[]","{}","","","{}","[]","7","",""
"03491ae7-b331-47d4-a714-980114bbf042","","ruler","ruler is a general-purpose inventory item. Stored in box drawer at Lucy Stone Storage Facility.","MSA-0114","MSA-BAR-0114","MSA-QR-03491ae7-b331-47d4-a714-980114bbf042","MISC","","3","3","{""building"":""Lucy Stone Storage Facility"",""room"":""Lucy Stone Storage Facility"",""shelf"":""Lucy Stone Storage Facility"",""bin"":""drawer""}","active","true","false","{""purchasePrice"":0,""currentValue"":0,""currency"":""USD""}","{}","","2025-11-14T21:59:49.095Z","2025-11-14T21:59:49.095Z","piece","good","[]","{}","","","{}","[]","7","",""
"7ebf2d9c-f1b5-4d38-9e55-db4a0b5f5eb3","","3 hole puncher","3 hole puncher is a general-purpose inventory item. Stored in box drawer at Lucy Stone Storage Facility.","MSA-0115","MSA-BAR-0115","MSA-QR-7ebf2d9c-f1b5-4d38-9e55-db4a0b5f5eb3","MISC","","2","2","{""building"":""Lucy Stone Storage Facility"",""room"":""Lucy Stone Storage Facility"",""shelf"":""Lucy Stone Storage Facility"",""bin"":""drawer""}","active","true","false","{""purchasePrice"":0,""currentValue"":0,""currency"":""USD""}","{}","","2025-11-14T21:59:49.095Z","2025-11-14T21:59:49.095Z","piece","good","[]","{}","","","{}","[]","7","",""
"4884e189-992f-426e-9488-3bc6b909182f","","1 hole puncher","1 hole puncher is a general-purpose inventory item. Stored in box drawer at Lucy Stone Storage Facility.","MSA-0116","MSA-BAR-0116","MSA-QR-4884e189-992f-426e-9488-3bc6b909182f","MISC","","1","1","{""building"":""Lucy Stone Storage Facility"",""room"":""Lucy Stone Storage Facility"",""shelf"":""Lucy Stone Storage Facility"",""bin"":""drawer""}","active","true","false","{""purchasePrice"":0,""currentValue"":0,""currency"":""USD""}","{}","","2025-11-14T21:59:49.095Z","2025-11-14T21:59:49.095Z","piece","good","[]","{}","","","{}","[]","7","",""
"353d4615-e651-4aa6-88ab-a9cf52238a48","","mini stapler","mini stapler is a general-purpose inventory item. Stored in box drawer at Lucy Stone Storage Facility.","MSA-0117","MSA-BAR-0117","MSA-QR-353d4615-e651-4aa6-88ab-a9cf52238a48","MISC","","1","1","{""building"":""Lucy Stone Storage Facility"",""room"":""Lucy Stone Storage Facility"",""shelf"":""Lucy Stone Storage Facility"",""bin"":""drawer""}","active","true","false","{""purchasePrice"":0,""currentValue"":0,""currency"":""USD""}","{}","","2025-11-14T21:59:49.095Z","2025-11-14T21:59:49.095Z","piece","good","[]","{}","","","{}","[]","7","",""
"98afce6f-5e25-4aff-9cb6-55e7e7d31dda","","thank you cards","thank you cards is a general-purpose inventory item. Stored in box drawer at Lucy Stone Storage Facility.","MSA-0118","MSA-BAR-0118","MSA-QR-98afce6f-5e25-4aff-9cb6-55e7e7d31dda","MISC","","1","1","{""building"":""Lucy Stone Storage Facility"",""room"":""Lucy Stone Storage Facility"",""shelf"":""Lucy Stone Storage Facility"",""bin"":""drawer""}","active","true","false","{""purchasePrice"":0,""currentValue"":0,""currency"":""USD""}","{}","","2025-11-14T21:59:49.095Z","2025-11-14T21:59:49.095Z","piece","good","[]","{}","","","{}","[]","7","",""
"a87a2c9c-a1b0-4027-82d7-37f2276ce1c2","","elmers liquid glue","elmers liquid glue is a general-purpose inventory item. Stored in box drawer at Lucy Stone Storage Facility.","MSA-0119","MSA-BAR-0119","MSA-QR-a87a2c9c-a1b0-4027-82d7-37f2276ce1c2","MISC","","1","1","{""building"":""Lucy Stone Storage Facility"",""room"":""Lucy Stone Storage Facility"",""shelf"":""Lucy Stone Storage Facility"",""bin"":""drawer""}","active","true","false","{""purchasePrice"":0,""currentValue"":0,""currency"":""USD""}","{}","","2025-11-14T21:59:49.095Z","2025-11-14T21:59:49.095Z","piece","good","[]","{}","","","{}","[]","7","",""
"94ee0201-11f0-4726-b45a-0bc40170b0e0","","assorted beads","assorted beads is a general-purpose inventory item. Stored in box craft drawer at Lucy Stone Storage Facility.","MSA-0120","MSA-BAR-0120","MSA-QR-94ee0201-11f0-4726-b45a-0bc40170b0e0","MISC","","1","1","{""building"":""Lucy Stone Storage Facility"",""room"":""Lucy Stone Storage Facility"",""shelf"":""Lucy Stone Storage Facility"",""bin"":""craft drawer""}","active","true","false","{""purchasePrice"":0,""currentValue"":0,""currency"":""USD""}","{}","","2025-11-14T21:59:49.095Z","2025-11-14T21:59:49.095Z","piece","good","[]","{}","","","{}","[]","7","",""
"2d2b0967-3161-4097-80a6-08e0892090c6","","coaster tiles","coaster tiles is a general-purpose inventory item. Stored in box craft drawer at Lucy Stone Storage Facility.","MSA-0121","MSA-BAR-0121","MSA-QR-2d2b0967-3161-4097-80a6-08e0892090c6","MISC","","1","1","{""building"":""Lucy Stone Storage Facility"",""room"":""Lucy Stone Storage Facility"",""shelf"":""Lucy Stone Storage Facility"",""bin"":""craft drawer""}","active","true","false","{""purchasePrice"":0,""currentValue"":0,""currency"":""USD""}","{}","","2025-11-14T21:59:49.095Z","2025-11-14T21:59:49.095Z","piece","good","[]","{}","","","{}","[]","7","",""
"c0cdc595-3e83-4154-ad72-0da2228bd2fd","","thumb tacks","thumb tacks is a general-purpose inventory item. Stored in box craft drawer at Lucy Stone Storage Facility.","MSA-0122","MSA-BAR-0122","MSA-QR-c0cdc595-3e83-4154-ad72-0da2228bd2fd","MISC","","1","1","{""building"":""Lucy Stone Storage Facility"",""room"":""Lucy Stone Storage Facility"",""shelf"":""Lucy Stone Storage Facility"",""bin"":""craft drawer""}","active","true","false","{""purchasePrice"":0,""currentValue"":0,""currency"":""USD""}","{}","","2025-11-14T21:59:49.095Z","2025-11-14T21:59:49.095Z","piece","good","[]","{}","","","{}","[]","7","",""
"4eb1dd08-899a-4dc9-ab5c-676c14fb3bba","","jewelry pliers","jewelry pliers is a general-purpose inventory item. Stored in box craft drawer at Lucy Stone Storage Facility.","MSA-0123","MSA-BAR-0123","MSA-QR-4eb1dd08-899a-4dc9-ab5c-676c14fb3bba","MISC","","1","1","{""building"":""Lucy Stone Storage Facility"",""room"":""Lucy Stone Storage Facility"",""shelf"":""Lucy Stone Storage Facility"",""bin"":""craft drawer""}","active","true","false","{""purchasePrice"":0,""currentValue"":0,""currency"":""USD""}","{}","","2025-11-14T21:59:49.095Z","2025-11-14T21:59:49.095Z","piece","good","[]","{}","","","{}","[]","7","",""
"547498c5-ffa1-466b-961b-930cfe20d66c","","mosaic tiles","mosaic tiles is a general-purpose inventory item. Stored in box craft drawer at Lucy Stone Storage Facility.","MSA-0124","MSA-BAR-0124","MSA-QR-547498c5-ffa1-466b-961b-930cfe20d66c","MISC","","1","1","{""building"":""Lucy Stone Storage Facility"",""room"":""Lucy Stone Storage Facility"",""shelf"":""Lucy Stone Storage Facility"",""bin"":""craft drawer""}","active","true","false","{""purchasePrice"":0,""currentValue"":0,""currency"":""USD""}","{}","","2025-11-14T21:59:49.095Z","2025-11-14T21:59:49.095Z","piece","good","[]","{}","","","{}","[]","7","",""
"859b4647-2ca7-4705-a623-153c3b28d890","","string","string is a general-purpose inventory item. Stored in box drawer at Lucy Stone Storage Facility.","MSA-0125","MSA-BAR-0125","MSA-QR-859b4647-2ca7-4705-a623-153c3b28d890","MISC","","1","1","{""building"":""Lucy Stone Storage Facility"",""room"":""Lucy Stone Storage Facility"",""shelf"":""Lucy Stone Storage Facility"",""bin"":""drawer""}","active","true","false","{""purchasePrice"":0,""currentValue"":0,""currency"":""USD""}","{}","","2025-11-14T21:59:49.095Z","2025-11-14T21:59:49.095Z","piece","good","[]","{}","","","{}","[]","7","",""
"19725d0b-2c4c-4990-a724-bc74daa0d0b6","","circle mirrors","circle mirrors is a general-purpose inventory item. Stored at Lucy Stone Storage Facility.","MSA-0126","MSA-BAR-0126","MSA-QR-19725d0b-2c4c-4990-a724-bc74daa0d0b6","MISC","","17","17","{""building"":""Lucy Stone Storage Facility"",""room"":""Lucy Stone Storage Facility"",""shelf"":""Lucy Stone Storage Facility"",""bin"":""""}","active","true","false","{""purchasePrice"":0,""currentValue"":0,""currency"":""USD""}","{}","","2025-11-14T21:59:49.095Z","2025-11-14T21:59:49.095Z","piece","good","[]","{}","","","{}","[]","7","",""
"b076fba0-e40f-4c39-88dc-2f150721caf9","","planet banner","planet banner is a general-purpose inventory item. Stored in box 4 at Lucy Stone Storage Facility.","MSA-0127","MSA-BAR-0127","MSA-QR-b076fba0-e40f-4c39-88dc-2f150721caf9","MISC","","1","1","{""building"":""Lucy Stone Storage Facility"",""room"":""Lucy Stone Storage Facility"",""shelf"":""Lucy Stone Storage Facility"",""bin"":""4""}","active","true","false","{""purchasePrice"":0,""currentValue"":0,""currency"":""USD""}","{}","","2025-11-14T21:59:49.095Z","2025-11-14T21:59:49.095Z","piece","good","[]","{}","","","{}","[]","7","",""
"156a7b64-91d7-4df8-8e80-7a91bca5d8a3","","assorted stickers","assorted stickers is a general-purpose inventory item. Stored in box drawer at Lucy Stone Storage Facility.","MSA-0128","MSA-BAR-0128","MSA-QR-156a7b64-91d7-4df8-8e80-7a91bca5d8a3","MISC","","1","1","{""building"":""Lucy Stone Storage Facility"",""room"":""Lucy Stone Storage Facility"",""shelf"":""Lucy Stone Storage Facility"",""bin"":""drawer""}","active","true","false","{""purchasePrice"":0,""currentValue"":0,""currency"":""USD""}","{}","","2025-11-14T21:59:49.095Z","2025-11-14T21:59:49.095Z","piece","good","[]","{}","","","{}","[]","7","",""
"6b894936-6b7e-44f5-bf7e-a70580aac64d","","tatreez supplies","tatreez supplies is a general-purpose inventory item. Stored in box string drawer at Lucy Stone Storage Facility.","MSA-0129","MSA-BAR-0129","MSA-QR-6b894936-6b7e-44f5-bf7e-a70580aac64d","MISC","","1","1","{""building"":""Lucy Stone Storage Facility"",""room"":""Lucy Stone Storage Facility"",""shelf"":""Lucy Stone Storage Facility"",""bin"":""string drawer""}","active","true","false","{""purchasePrice"":0,""currentValue"":0,""currency"":""USD""}","{}","","2025-11-14T21:59:49.095Z","2025-11-14T21:59:49.095Z","piece","good","[]","{}","","","{}","[]","7","",""
"3bcc0312-bd71-4d42-a0c0-44df942a66b3","","ribbon","ribbon is a general-purpose inventory item. Stored in box string drawer at Lucy Stone Storage Facility.","MSA-0130","MSA-BAR-0130","MSA-QR-3bcc0312-bd71-4d42-a0c0-44df942a66b3","MISC","","1","1","{""building"":""Lucy Stone Storage Facility"",""room"":""Lucy Stone Storage Facility"",""shelf"":""Lucy Stone Storage Facility"",""bin"":""string drawer""}","active","true","false","{""purchasePrice"":0,""currentValue"":0,""currency"":""USD""}","{}","","2025-11-14T21:59:49.095Z","2025-11-14T21:59:49.095Z","piece","good","[]","{}","","","{}","[]","7","",""
"057adbf9-9618-46ab-9022-1eda3bb29e25","","fishing wire/clear string","fishing wire/clear string is a general-purpose inventory item. Stored in box string drawer at Lucy Stone Storage Facility.","MSA-0131","MSA-BAR-0131","MSA-QR-057adbf9-9618-46ab-9022-1eda3bb29e25","MISC","","1","1","{""building"":""Lucy Stone Storage Facility"",""room"":""Lucy Stone Storage Facility"",""shelf"":""Lucy Stone Storage Facility"",""bin"":""string drawer""}","active","true","false","{""purchasePrice"":0,""currentValue"":0,""currency"":""USD""}","{}","","2025-11-14T21:59:49.095Z","2025-11-14T21:59:49.095Z","piece","good","[]","{}","","","{}","[]","7","",""
"ce5f19d5-d9cc-464e-87c0-eddd97b6a616","","infltable island palm trees","infltable island palm trees is a general-purpose inventory item. Stored in box luau box at Lucy Stone Storage Facility.","MSA-0132","MSA-BAR-0132","MSA-QR-ce5f19d5-d9cc-464e-87c0-eddd97b6a616","MISC","","6","6","{""building"":""Lucy Stone Storage Facility"",""room"":""Lucy Stone Storage Facility"",""shelf"":""Lucy Stone Storage Facility"",""bin"":""luau box""}","active","true","false","{""purchasePrice"":0,""currentValue"":0,""currency"":""USD""}","{}","","2025-11-14T21:59:49.095Z","2025-11-14T21:59:49.095Z","piece","good","[]","{}","","","{}","[]","7","",""
"9f4a644a-28c2-48ac-9bea-2c70b56685ac","","lei's","lei's is a general-purpose inventory item. Stored in box luau box at Lucy Stone Storage Facility.","MSA-0133","MSA-BAR-0133","MSA-QR-9f4a644a-28c2-48ac-9bea-2c70b56685ac","MISC","","6","6","{""building"":""Lucy Stone Storage Facility"",""room"":""Lucy Stone Storage Facility"",""shelf"":""Lucy Stone Storage Facility"",""bin"":""luau box""}","active","true","false","{""purchasePrice"":0,""currentValue"":0,""currency"":""USD""}","{}","","2025-11-14T21:59:49.095Z","2025-11-14T21:59:49.095Z","piece","good","[]","{}","","","{}","[]","7","",""
"80086558-cf1e-4ade-ae09-bcf479b77c55","","team sunglasses","team sunglasses is a general-purpose inventory item. Stored in box 4 at Lucy Stone Storage Facility.","MSA-0134","MSA-BAR-0134","MSA-QR-80086558-cf1e-4ade-ae09-bcf479b77c55","MISC","","1","1","{""building"":""Lucy Stone Storage Facility"",""room"":""Lucy Stone Storage Facility"",""shelf"":""Lucy Stone Storage Facility"",""bin"":""4""}","active","true","false","{""purchasePrice"":0,""currentValue"":0,""currency"":""USD""}","{}","","2025-11-14T21:59:49.095Z","2025-11-14T21:59:49.095Z","piece","good","[]","{}","","","{}","[]","7","",""
"0db97911-a085-42cc-b925-464e01a6be68","","lint rollers","lint rollers is a general-purpose inventory item. Stored in box drawer at Lucy Stone Storage Facility.","MSA-0135","MSA-BAR-0135","MSA-QR-0db97911-a085-42cc-b925-464e01a6be68","MISC","","3","3","{""building"":""Lucy Stone Storage Facility"",""room"":""Lucy Stone Storage Facility"",""shelf"":""Lucy Stone Storage Facility"",""bin"":""drawer""}","active","true","false","{""purchasePrice"":0,""currentValue"":0,""currency"":""USD""}","{}","","2025-11-14T21:59:49.095Z","2025-11-14T21:59:49.095Z","piece","good","[]","{}","","","{}","[]","7","",""
"49004ba5-dbff-427d-89d3-adc5c182c53d","","envelopes","envelopes is a general-purpose inventory item. Stored in box drawer at Lucy Stone Storage Facility.","MSA-0136","MSA-BAR-0136","MSA-QR-49004ba5-dbff-427d-89d3-adc5c182c53d","MISC","","1","1","{""building"":""Lucy Stone Storage Facility"",""room"":""Lucy Stone Storage Facility"",""shelf"":""Lucy Stone Storage Facility"",""bin"":""drawer""}","active","true","false","{""purchasePrice"":0,""currentValue"":0,""currency"":""USD""}","{}","","2025-11-14T21:59:49.095Z","2025-11-14T21:59:49.095Z","piece","good","[]","{}","","","{}","[]","7","",""
"a5e817c5-a296-405f-a9dd-d6c3fe929dee","","Tazkiyah Sign","Tazkiyah Sign is a general-purpose inventory item. Stored in box 4 at Lucy Stone Storage Facility.","MSA-0137","MSA-BAR-0137","MSA-QR-a5e817c5-a296-405f-a9dd-d6c3fe929dee","MISC","","1","1","{""building"":""Lucy Stone Storage Facility"",""room"":""Lucy Stone Storage Facility"",""shelf"":""Lucy Stone Storage Facility"",""bin"":""4""}","active","true","false","{""purchasePrice"":0,""currentValue"":0,""currency"":""USD""}","{}","","2025-11-14T21:59:49.095Z","2025-11-14T21:59:49.095Z","piece","good","[]","{}","","","{}","[]","7","",""
"87039b15-e15f-4bdd-ac8f-71ca553d66dc","","Backdrop","Backdrop is a general-purpose inventory item. Stored in box Black Bag at Lucy Stone Storage Facility.","MSA-0138","MSA-BAR-0138","MSA-QR-87039b15-e15f-4bdd-ac8f-71ca553d66dc","MISC","","1","1","{""building"":""Lucy Stone Storage Facility"",""room"":""Lucy Stone Storage Facility"",""shelf"":""Lucy Stone Storage Facility"",""bin"":""Black Bag""}","active","true","false","{""purchasePrice"":0,""currentValue"":0,""currency"":""USD""}","{}","","2025-11-14T21:59:49.095Z","2025-11-14T21:59:49.095Z","piece","good","[]","{}","","","{}","[]","7","",""
"2f20d824-06de-40c7-aaa0-8d45857bcd0b","","Wicker Runner","Wicker Runner is a general-purpose inventory item. Stored in box 5 at Lucy Stone Storage Facility.","MSA-0139","MSA-BAR-0139","MSA-QR-2f20d824-06de-40c7-aaa0-8d45857bcd0b","MISC","","1","1","{""building"":""Lucy Stone Storage Facility"",""room"":""Lucy Stone Storage Facility"",""shelf"":""Lucy Stone Storage Facility"",""bin"":""5""}","active","true","false","{""purchasePrice"":0,""currentValue"":0,""currency"":""USD""}","{}","","2025-11-14T21:59:49.095Z","2025-11-14T21:59:49.095Z","piece","good","[]","{}","","","{}","[]","7","",""
"a55b4667-05ed-428a-aec7-294679f623ef","","Knives","Knives is a general-purpose inventory item. Stored in box 2 at Lucy Stone Storage Facility.","MSA-0140","MSA-BAR-0140","MSA-QR-a55b4667-05ed-428a-aec7-294679f623ef","MISC","","1","1","{""building"":""Lucy Stone Storage Facility"",""room"":""Lucy Stone Storage Facility"",""shelf"":""Lucy Stone Storage Facility"",""bin"":""2""}","active","true","false","{""purchasePrice"":0,""currentValue"":0,""currency"":""USD""}","{}","","2025-11-14T21:59:49.095Z","2025-11-14T21:59:49.095Z","piece","good","[]","{}","","","{}","[]","7","",""
"dfbcbedd-3c45-48a0-bf4f-3e997f071aa6","","Blue Backdrop Panels","Blue Backdrop Panels is a general-purpose inventory item. Stored in box 7 at Lucy Stone Storage Facility.","MSA-0141","MSA-BAR-0141","MSA-QR-dfbcbedd-3c45-48a0-bf4f-3e997f071aa6","MISC","","1","1","{""building"":""Lucy Stone Storage Facility"",""room"":""Lucy Stone Storage Facility"",""shelf"":""Lucy Stone Storage Facility"",""bin"":""7""}","active","true","false","{""purchasePrice"":0,""currentValue"":0,""currency"":""USD""}","{}","","2025-11-14T21:59:49.095Z","2025-11-14T21:59:49.095Z","piece","good","[]","{}","","","{}","[]","7","",""
"380db0dd-da59-40d2-be93-adb0d6f447c2","","Parchment Paper","Parchment Paper is a general-purpose inventory item. Stored in box 4 at Lucy Stone Storage Facility.","MSA-0142","MSA-BAR-0142","MSA-QR-380db0dd-da59-40d2-be93-adb0d6f447c2","MISC","","1","1","{""building"":""Lucy Stone Storage Facility"",""room"":""Lucy Stone Storage Facility"",""shelf"":""Lucy Stone Storage Facility"",""bin"":""4""}","active","true","false","{""purchasePrice"":0,""currentValue"":0,""currency"":""USD""}","{}","","2025-11-14T21:59:49.095Z","2025-11-14T21:59:49.095Z","piece","good","[]","{}","","","{}","[]","7","",""
"53e2678a-8a9d-497c-906f-0b5496739661","","Serving Spoons","Serving Spoons is a general-purpose inventory item. Stored in box 2 at Lucy Stone Storage Facility.","MSA-0143","MSA-BAR-0143","MSA-QR-53e2678a-8a9d-497c-906f-0b5496739661","MISC","","1","1","{""building"":""Lucy Stone Storage Facility"",""room"":""Lucy Stone Storage Facility"",""shelf"":""Lucy Stone Storage Facility"",""bin"":""2""}","active","true","false","{""purchasePrice"":0,""currentValue"":0,""currency"":""USD""}","{}","","2025-11-14T21:59:49.095Z","2025-11-14T21:59:49.095Z","piece","good","[]","{}","","","{}","[]","7","",""
"a106fc80-a309-4b9e-9a8f-3e7e4631a298","","Screwdriver","Screwdriver is a general-purpose inventory item. Stored in box Drawer at Lucy Stone Storage Facility.","MSA-0144","MSA-BAR-0144","MSA-QR-a106fc80-a309-4b9e-9a8f-3e7e4631a298","MISC","","1","1","{""building"":""Lucy Stone Storage Facility"",""room"":""Lucy Stone Storage Facility"",""shelf"":""Lucy Stone Storage Facility"",""bin"":""Drawer""}","active","true","false","{""purchasePrice"":0,""currentValue"":0,""currency"":""USD""}","{}","","2025-11-14T21:59:49.095Z","2025-11-14T21:59:49.095Z","piece","good","[]","{}","","","{}","[]","7","",""